stripped_author,distil_author_only,partial_token_set,token_set,token_sort,std,correct,pts_tset,pts_tsort,tset_tsort,mean
rossi gian vittorio 15771647,erythraeus janus nicius 15771647,100,50,50,28.8675134594813,No,50,50,100,66.6666666666667
muller c f w,muller karl otfried 17971840,100,66.6666666666667,45,27.7054614217593,No,33.3333333333333,55,111.666666666667,70.5555555555556
cicero m tullius 10643 v chr,cicero quintus tullius,100,77.7777777777778,60,20.0411100125462,No,22.2222222222222,40,137.777777777778,79.2592592592593
spagnoli giovanni battista 14481516,baptista mantuanus 14481516,100,67.741935483871,67.741935483871,18.6242022319234,Yes,32.258064516129,32.258064516129,135.483870967742,78.494623655914
putte hendrik van der 15741646,puteanus erycius 15741646,100,69.0909090909091,69.0909090909091,17.8453719567702,Yes,30.9090909090909,30.9090909090909,138.181818181818,79.3939393939394
hanke friedrich,ranke friedrich 18821950,100,75,71.7948717948718,15.442377320645,Yes,25,28.2051282051282,146.794871794872,82.2649572649573
crusius thomas theodorus 16481728,crenius thomas 16481728,100,78.9473684210526,75,13.439959163197,Yes,21.0526315789474,25,153.947368421053,84.6491228070175
ohler franciscus,noel francois 16511729,68.9655172413793,52.6315789473684,52.6315789473684,9.43040367097393,No,16.3339382940109,16.3339382940109,105.263157894737,58.076225045372
olmo marco antonio,olmedo lope de,60,43.75,43.75,9.38194187433142,No,16.25,16.25,87.5,49.1666666666667
monachus antonius,giovanni di san vincenzo al volturno,47.0588235294118,33.9622641509434,33.9622641509434,7.56130208261663,No,13.0965593784684,13.0965593784684,67.9245283018868,38.3277839437662
plinius secundus caius 2379 ad,pliny the elder,46.6666666666667,35.5555555555556,35.5555555555556,6.41500299099584,No,11.1111111111111,11.1111111111111,71.1111111111112,39.2592592592593
sallustius crispus gaius,pseudosallust,64,54.0540540540541,54.0540540540541,5.74229456923736,No,9.9459459459459,9.9459459459459,108.108108108108,57.3693693693694
macer floridus,odo magdunensis,30.7692307692308,27.5862068965517,27.5862068965517,1.83771968972825,No,3.1830238726791,3.1830238726791,55.1724137931034,28.6472148541114
lucilius,lucilius gaius approximately 180 bcapproximately 102 bc,100,100,25.3968253968254,43.0721629395435,Yes,0,74.6031746031746,125.396825396825,75.1322751322751
virgilio maron publio 7019 a c,virgil,100,33.3333333333333,33.3333333333333,38.4900179459751,Yes,66.6666666666667,66.6666666666667,66.6666666666666,55.5555555555555
lucano marco anneo 3965,lucan,100,35.7142857142857,35.7142857142857,37.1153744479045,Yes,64.2857142857143,64.2857142857143,71.4285714285714,57.1428571428571
livius titus patavinus,livy,85.7142857142857,23.0769230769231,23.0769230769231,36.1636981800095,Yes,62.6373626373626,62.6373626373626,46.1538461538462,43.956043956044
livius patavinus titus,livy,85.7142857142857,23.0769230769231,23.0769230769231,36.1636981800095,Yes,62.6373626373626,62.6373626373626,46.1538461538462,43.956043956044
edwardes david,edguard david approximately 1502approximately 1542,100,52.6315789473684,34.375,33.8715972777608,Yes,47.3684210526316,65.625,87.0065789473684,62.3355263157895
virgile 00700019 av jc,virgil,100,42.8571428571429,42.8571428571429,32.9914439536929,Yes,57.1428571428571,57.1428571428571,85.7142857142858,61.9047619047619
laciantius lucius caecilius firmianus,lactantius,90,38.2978723404255,38.2978723404255,29.8502373219317,Yes,51.7021276595745,51.7021276595745,76.595744680851,55.531914893617
leon i papa santo m 461,leo i pope,100,48.4848484848485,48.4848484848485,29.7422865946171,Yes,51.5151515151515,51.5151515151515,96.969696969697,65.6565656565657
velleius paterculus approximately 19 bcapproximately 30 ad,velleius paterculus,100,100,49.3506493506494,29.2424162316823,Yes,0,50.6493506493506,149.350649350649,83.1168831168831
andrea johann valentin 15861654,valentinus,88.8888888888889,39.0243902439024,39.0243902439024,28.7892817156887,Yes,49.8644986449865,49.8644986449865,78.0487804878048,55.6458897922312
widukind von korvei fl 970,widukind of corvey approximately 925approximately 973,100,50.6329113924051,50.6329113924051,28.502101896703,Yes,49.3670886075949,49.3670886075949,101.26582278481,67.0886075949367
lupus of ferrieres approximately 805approximately 862,lupus of ferrieres,100,100,50.7042253521127,28.4609287628689,Yes,0,49.2957746478873,150.704225352113,83.5680751173709
ovidius naso publius 43 v chrca 18,ovid 43 bc17 ad or 18 ad,100,50.9090909090909,51.7241379310345,28.1103199184975,Yes,49.0909090909091,48.2758620689655,102.633228840125,67.5444096133751
fulcoius belvacensis approximately 1020approximately 1083,fulcoius belvacensis,100,100,51.9480519480519,27.7428051428781,Yes,0,48.0519480519481,151.948051948052,83.982683982684
ulpian,ulpianus domitius,100,52.1739130434783,52.1739130434783,27.6124041786343,Yes,47.8260869565217,47.8260869565217,104.347826086957,68.1159420289855
vergilius maro publius,virgil,83.3333333333333,35.7142857142857,35.7142857142857,27.4928699614108,Yes,47.6190476190476,47.6190476190476,71.4285714285714,51.5873015873016
guibert de nogent 1053ca 1124,guibert abbot of nogentsouscoucy,100,52.4590163934426,52.4590163934426,27.4477996827855,Yes,47.5409836065574,47.5409836065574,104.918032786885,68.3060109289617
seneca marco anneo ca 55acca 39 dc,seneca lucius annaeus approximately 55 bcapproximately 39 ad,100,53.1914893617021,53.1914893617021,27.0249062173867,Yes,46.8085106382979,46.8085106382979,106.382978723404,68.7943262411347
ovidio nason publio 43 ac17 dc,ovid 43 bc17 ad or 18 ad,100,54.9019607843137,51.8518518518519,26.9610227170493,Yes,45.0980392156863,48.1481481481481,106.753812636166,68.9179375453885
bersuire pierre ca12901362,bersuire pierre approximately 12901362,100,75,46.875,26.5778142128606,Yes,25,53.125,121.875,73.9583333333333
fox morcillo sebastian,morcillo sebastian fox approximately 1526approximately 1560,100,100,54.320987654321,26.372790074094,Yes,0,45.679012345679,154.320987654321,84.7736625514403
salvian of marseilles approximately 400approximately 480,salvian of marseilles,100,100,54.5454545454545,26.2431940540739,Yes,0,45.4545454545455,154.545454545455,84.8484848484848
sallust 86 bc34 bc,sallust,100,100,56,25.4034118443435,Yes,0,44,156,85.3333333333333
koechly hermann august theodor,kochly hermann 18151876,100,56.6037735849057,56.6037735849057,25.0548230025687,Yes,43.3962264150943,43.3962264150943,113.207547169811,71.0691823899371
livio tito,livy,85.7142857142857,42.8571428571429,42.8571428571429,24.7435829652697,Yes,42.8571428571428,42.8571428571428,85.7142857142858,57.1428571428572
sidonius c sollius modestus apollinaris,sidonius apollinaris saint 431 or 432approximately 487,100,67.7966101694915,51.6129032258065,24.6315577435734,Yes,32.2033898305085,48.3870967741935,119.409513395298,73.1365044650993
cassiodorus flavius magnus aurelius,cassiodorus senator,100,73.3333333333333,51.8518518518519,24.1205629005847,Yes,26.6666666666667,48.1481481481481,125.185185185185,75.0617283950617
muret marc antoine,muret marcantoine 15261585,100,59.0909090909091,59.0909090909091,23.6188746486665,Yes,40.9090909090909,40.9090909090909,118.181818181818,72.7272727272727
odon de cluny santo 879942,odo saint abbot of cluny,100,60,60,23.094010767585,Yes,40,40,120,73.3333333333333
lactancio lucio celio firmiano ca 260ca 320,lactantius,70,30.188679245283,30.188679245283,22.9850767545304,Yes,39.811320754717,39.811320754717,60.377358490566,43.4591194968553
filopon juan,philoponus john active 6th century,70,30.4347826086957,30.4347826086957,22.8429889114156,Yes,39.5652173913043,39.5652173913043,60.8695652173914,43.6231884057971
hrotsvitha ca 935ca 975,hrotsvitha,100,100,60.6060606060606,22.7441015135307,Yes,0,39.3939393939394,160.606060606061,86.8686868686869
lactantius ca 240ca 320,lactantius,100,100,60.6060606060606,22.7441015135307,Yes,0,39.3939393939394,160.606060606061,86.8686868686869
tertullian ca 160ca 230,tertullian,100,100,60.6060606060606,22.7441015135307,Yes,0,39.3939393939394,160.606060606061,86.8686868686869
propertius sextus aurelius ca 4715 vchr,propertius sextus,100,100,60.7142857142857,22.6816177181639,Yes,0,39.2857142857143,160.714285714286,86.9047619047619
faustus of riez active 5th century,faustus of riez,100,100,61.2244897959184,22.3870512542916,Yes,0,38.7755102040816,161.224489795918,87.0748299319728
defensor de liguge,defensor,100,100,61.5384615384615,22.2057795842164,Yes,0,38.4615384615385,161.538461538462,87.1794871794872
cyprianus gallus active 5th century,cyprianus gallus,100,100,62.7450980392157,21.5091276756919,Yes,0,37.2549019607843,162.745098039216,87.5816993464052
dicuil fl 825,dicuil,100,100,63.1578947368421,21.2707993911967,Yes,0,36.8421052631579,163.157894736842,87.719298245614
seneca lucio anneo ca 4 ac65 dc,seneca lucius annaeus approximately 4 bc65 ad,100,63.1578947368421,63.1578947368421,21.2707993911967,Yes,36.8421052631579,36.8421052631579,126.315789473684,75.4385964912281
manuzio aldo ca14421515,manuzio aldo 1449 or 14501515,100,76.9230769230769,57.6923076923077,21.1829636434081,Yes,23.0769230769231,42.3076923076923,134.615384615385,78.2051282051282
sallust 8634 bc,sallust,100,100,63.6363636363636,20.9945552432591,Yes,0,36.3636363636364,163.636363636364,87.8787878787879
gabuccini girolamo,gabuccini girolamo active 16th century,100,100,64.2857142857143,20.6196524710581,Yes,0,35.7142857142857,164.285714285714,88.0952380952381
ceva tomas,ceva tommaso 16481737,100,64.5161290322581,64.5161290322581,20.4866224551158,Yes,35.4838709677419,35.4838709677419,129.032258064516,76.3440860215054
laciantius ca 240ca 320,lactantius,90,54.5454545454546,54.5454545454545,20.4696913621776,Yes,35.4545454545454,35.4545454545455,109.090909090909,66.3636363636364
william of malmesbury approximately 10901143,william of malmesbury,100,100,64.6153846153846,20.4293172174791,Yes,0,35.3846153846154,164.615384615385,88.2051282051282
suetonius ca 69ca 122,suetonius approximately 69approximately 122,100,76.4705882352941,59.375,20.3972342083586,Yes,23.5294117647059,40.625,135.845588235294,78.6151960784314
lucas de tuy m 1249,lucas bishop of tuy approximately 1249,100,84.8484848484848,59.6491228070176,20.3828749563888,Yes,15.1515151515152,40.3508771929824,144.497607655502,81.4992025518341
cassian john ca 360ca 435,cassian john,100,100,64.8648648648649,20.2852797282841,Yes,0,35.1351351351351,164.864864864865,88.2882882882883
newton isaac sir 16421727,newton isaac,100,100,64.8648648648649,20.2852797282841,Yes,0,35.1351351351351,164.864864864865,88.2882882882883
castellesi adriano,castellesi adriano approximately 1461,100,100,65.4545454545455,19.9448274810962,Yes,0,34.5454545454545,165.454545454546,88.4848484848485
gesner konrad 15161565,gessner conrad 15161565,100,66.6666666666667,66.6666666666667,19.2450089729875,Yes,33.3333333333333,33.3333333333333,133.333333333333,77.7777777777778
pontanus jacobus si,pontanus jacob 15421626,100,66.6666666666667,66.6666666666667,19.2450089729875,Yes,33.3333333333333,33.3333333333333,133.333333333333,77.7777777777778
lucan 3965,lucan,100,100,66.6666666666667,19.2450089729875,Yes,0,33.3333333333333,166.666666666667,88.8888888888889
hugues de saintvictor,hugh of saintvictor 10961141,100,68.75,65.3061224489796,19.1140782850042,Yes,31.25,34.6938775510204,134.05612244898,78.0187074829932
ambrosio santo obispo de milan 340397,ambrose saint bishop of milan,100,72.7272727272727,63.6363636363636,18.924236358783,Yes,27.2727272727273,36.3636363636364,136.363636363636,78.7878787878788
nicolas de lyre,nicholas of lyra approximately 12701349,80,48.1481481481482,48.1481481481482,18.3896752408547,Yes,31.8518518518518,31.8518518518518,96.2962962962964,58.7654320987655
eusevius pamphili bp of caesarea,eusebius of caesarea bishop of caesarea,100,74.5762711864407,64.7887323943662,18.1750528141705,Yes,25.4237288135593,35.2112676056338,139.365003580807,79.7883345269356
valeriano bolzani giovan piero 14771558,valeriano pierio 14771560,100,68.75,68.75,18.0421959121758,Yes,31.25,31.25,137.5,79.1666666666667
hugo herman si,hugo herman 15881629,100,88,64.7058823529412,17.945708202982,Yes,12,35.2941176470588,152.705882352941,84.2352941176471
joannes secundus 15111536,janus secundus,100,72.7272727272727,66.6666666666667,17.7559553850979,Yes,27.2727272727273,33.3333333333333,139.393939393939,79.7979797979798
hugh of saintcher cardinal approximately 12001263,hugh of saintcher cardinal,100,100,69.3333333333333,17.7054082551485,Yes,0,30.6666666666667,169.333333333333,89.7777777777778
ricardo de san victor,richard of st victor 1173,100,69.5652173913043,69.5652173913043,17.5715299318582,Yes,30.4347826086957,30.4347826086957,139.130434782609,79.7101449275362
biel gabriel d1495,biel gabriel 1495,100,97.1428571428571,68.5714285714286,17.3793215151378,Yes,2.8571428571429,31.4285714285714,165.714285714286,88.5714285714286
bursian konrad,bursian conrad 18301883,100,70.2702702702703,70.2702702702703,17.1644674623943,Yes,29.7297297297297,29.7297297297297,140.540540540541,80.1801801801802
putte hendrik van de 15741646,puteanus erycius 15741646,100,70.3703703703704,70.3703703703704,17.1066746426556,Yes,29.6296296296296,29.6296296296296,140.740740740741,80.2469135802469
nider johann op 13801438,nider johannes approximately 13801438,100,73.6842105263158,68.8524590163934,16.7632331189539,Yes,26.3157894736842,31.1475409836066,142.536669542709,80.8455565142364
milton john 16081674,milton john,100,100,70.9677419354839,16.7617820087311,Yes,0,29.0322580645161,170.967741935484,90.3225806451613
balde jakob 16041668,balde jakob,100,100,70.9677419354839,16.7617820087311,Yes,0,29.0322580645161,170.967741935484,90.3225806451613
bacon roger,bacon roger 12141294,100,100,70.9677419354839,16.7617820087311,Yes,0,29.0322580645161,170.967741935484,90.3225806451613
porphyrius publilius optatianus,porfyrius p optatianus,100,71.6981132075472,71.6981132075472,16.340101958197,Yes,28.3018867924528,28.3018867924528,143.396226415094,81.1320754716981
navagero andres 14831529,navagero andrea,100,71.7948717948718,71.7948717948718,16.2842383617587,Yes,28.2051282051282,28.2051282051282,143.589743589744,81.1965811965812
hincmar archbishop of reims approximately 806882,hincmar archbishop of reims,100,100,72,16.1658075373095,Yes,0,28,172,90.6666666666667
hardouin jean si,hardouin jean 16461729,100,89.6551724137931,68.421052631579,16.0993437630817,Yes,10.3448275862069,31.578947368421,158.076225045372,86.0254083484574
anselmo santo arzobispo de canterbury 10331109,anselm saint archbishop of canterbury,100,72.289156626506,72.289156626506,15.9988628811583,Yes,27.710843373494,27.710843373494,144.578313253012,81.5261044176707
more thomas sir saint 14781535,more thomas saint,100,100,72.3404255319149,15.9692627648194,Yes,0,27.6595744680851,172.340425531915,90.7801418439716
lucilius gaius ca 180ca 102 bc,lucilius gaius approximately 180 bcapproximately 102 bc,100,82.3529411764706,68.2352941176471,15.9149991276102,Yes,17.6470588235294,31.7647058823529,150.588235294118,83.5294117647059
eulogio de cordoba santo m 859,eulogius of cordoba saint,100,72.7272727272727,72.7272727272727,15.7459164324443,Yes,27.2727272727273,27.2727272727273,145.454545454545,81.8181818181818
nemethy geza,nemethy geza 18651937,100,100,72.7272727272727,15.7459164324443,Yes,0,27.2727272727273,172.727272727273,90.9090909090909
newton isaac 16421727,newton isaac,100,100,72.7272727272727,15.7459164324443,Yes,0,27.2727272727273,172.727272727273,90.9090909090909
vegio maffeo 14071458,vegio maffeo,100,100,72.7272727272727,15.7459164324443,Yes,0,27.2727272727273,172.727272727273,90.9090909090909
sannazaro jacopo ca 14551530,sannazaro jacopo,100,100,72.7272727272727,15.7459164324443,Yes,0,27.2727272727273,172.727272727273,90.9090909090909
madvig j n 18041886,madvig j n johan nikolai 18041886,100,100,73.0769230769231,15.5440457089515,Yes,0,26.9230769230769,173.076923076923,91.025641025641
reusner nickolas,reusner nikolaus 15451602,100,73.1707317073171,73.1707317073171,15.4898852709412,Yes,26.8292682926829,26.8292682926829,146.341463414634,82.1138211382114
cornarius ianus,cornarius janus 15001558,100,75,71.7948717948718,15.442377320645,Yes,25,28.2051282051282,146.794871794872,82.2649572649573
bona giovanni o cist cardenal 16091674,bona giovanni 16091674,100,100,73.3333333333333,15.39600717839,Yes,0,26.6666666666667,173.333333333333,91.1111111111111
muris johannes de ca 1300ca 1350,muris johannes de approximately 1300approximately 1350,100,81.4814814814815,69.7674418604651,15.2433691815152,Yes,18.5185185185185,30.2325581395349,151.248923341947,83.7496411139822
gregory i pope ca 540604,gregory i pope,100,100,73.6842105263158,15.1934281365691,Yes,0,26.3157894736842,173.684210526316,91.2280701754386
isidoro santo arzobispo de sevilla 560636,isidore of seville saint,84.4444444444444,58.4615384615385,58.4615384615385,15.0012377635595,Yes,25.9829059829059,25.9829059829059,116.923076923077,67.1225071225071
luther martin 14831546,luther martin,100,100,74.2857142857143,14.8461497791618,Yes,0,25.7142857142857,174.285714285714,91.4285714285714
bacon francis 15611626,bacon francis,100,100,74.2857142857143,14.8461497791618,Yes,0,25.7142857142857,174.285714285714,91.4285714285714
abelard peter 10791142,abelard peter,100,100,74.2857142857143,14.8461497791618,Yes,0,25.7142857142857,174.285714285714,91.4285714285714
pithou pierre,pithou pierre 15391596,100,100,74.2857142857143,14.8461497791618,Yes,0,25.7142857142857,174.285714285714,91.4285714285714
passerat jean 15341602,passerat jean,100,100,74.2857142857143,14.8461497791618,Yes,0,25.7142857142857,174.285714285714,91.4285714285714
bergk theodor,bergk theodor 18121881,100,100,74.2857142857143,14.8461497791618,Yes,0,25.7142857142857,174.285714285714,91.4285714285714
platina bartolomeo 14211481,platina 14211481,100,100,74.4186046511628,14.7694254908974,Yes,0,25.5813953488372,174.418604651163,91.4728682170543
cato marcus porcius 234 bc149 bc,cato marcus porcius,100,100,74.5098039215686,14.7167715675787,Yes,0,25.4901960784314,174.509803921569,91.5032679738562
porphyrius publius optatianus,porfyrius p optatianus,100,74.5098039215686,74.5098039215686,14.7167715675787,Yes,25.4901960784314,25.4901960784314,149.019607843137,83.0065359477124
cassiodorus senator ca 487ca 580,cassiodorus senator,100,100,74.5098039215686,14.7167715675787,Yes,0,25.4901960784314,174.509803921569,91.5032679738562
cesar cayo julio 10044 ac,caesar julius,83.3333333333333,57.8947368421053,57.8947368421053,14.6869805320168,Yes,25.438596491228,25.438596491228,115.789473684211,66.374269005848
hilario de poitiers santo 315367,hilary saint bishop of poitiers 367,100,74.6268656716418,74.6268656716418,14.6491859346621,Yes,25.3731343283582,25.3731343283582,149.253731343284,83.0845771144279
saumaise claude de,saumaise claude 15881653,100,90.9090909090909,71.4285714285714,14.5971561039717,Yes,9.09090909090909,28.5714285714286,162.337662337662,87.4458874458874
seneca lucius annaeus ca 55 bcca 39 ad,seneca lucius annaeus approximately 55 bcapproximately 39 ad,100,88.2352941176471,71.4285714285714,14.3596701601975,Yes,11.7647058823529,28.5714285714286,159.663865546219,86.5546218487395
nicolas de cusa 14011464,nicholas of cusa cardinal 14011464,100,79.3103448275862,72.4137931034483,14.3563172376975,Yes,20.6896551724138,27.5862068965517,151.724137931035,83.9080459770115
bernard of clairvaux saint 1090 or 10911153,bernard of clairvaux saint,100,100,75.3623188405797,14.2245718495995,Yes,0,24.6376811594203,175.36231884058,91.7874396135266
campano giovanni antonio 14291477,campano giannantonio bishop 14291477,100,75.3623188405797,75.3623188405797,14.2245718495995,Yes,24.6376811594203,24.6376811594203,150.724637681159,83.5748792270531
kochly hermann august theodor 18151876,kochly hermann 18151876,100,100,75.4098360655738,14.197137766958,Yes,0,24.5901639344262,175.409836065574,91.8032786885246
inocencio iii papa 11601216,innocent iii pope 1160 or 11611216,100,75.4098360655738,75.4098360655738,14.197137766958,Yes,24.5901639344262,24.5901639344262,150.819672131148,83.6065573770492
baconthorpe john m1346,baconthorpe john 1346,100,97.6744186046512,74.4186046511628,14.1459593727866,Yes,2.32558139534881,25.5813953488372,172.093023255814,90.6976744186047
susemihl franz,susemihl franz 18261901,100,100,75.6756756756757,14.0436551965044,Yes,0,24.3243243243243,175.675675675676,91.8918918918919
janus secundus 15111536,janus secundus,100,100,75.6756756756757,14.0436551965044,Yes,0,24.3243243243243,175.675675675676,91.8918918918919
jan ludwig von,jan ludwig von 18071869,100,100,75.6756756756757,14.0436551965044,Yes,0,24.3243243243243,175.675675675676,91.8918918918919
alciati andrea,alciati andrea 14921550,100,100,75.6756756756757,14.0436551965044,Yes,0,24.3243243243243,175.675675675676,91.8918918918919
turnebe adrien,turnebe adrien 15121565,100,100,75.6756756756757,14.0436551965044,Yes,0,24.3243243243243,175.675675675676,91.8918918918919
campion thomas 15671620,campion thomas,100,100,75.6756756756757,14.0436551965044,Yes,0,24.3243243243243,175.675675675676,91.8918918918919
optatus saint bishop of mileve active 4th century,optatus saint bishop of mileve,100,100,75.9493670886076,13.8856393855733,Yes,0,24.0506329113924,175.949367088608,91.9831223628692
struve k l 17851838,struve k l karl ludwig 17851838,100,100,76,13.856406460551,Yes,0,24,176,92
thou jacques auguste de 15531617,thou jacquesauguste de 15531617,100,76.1904761904762,76.1904761904762,13.7464349807054,Yes,23.8095238095238,23.8095238095238,152.380952380952,84.1269841269841
boniface saint archbishop of mainz approximately 675754,boniface saint archbishop of mainz,100,100,76.4044943820225,13.6228715202047,Yes,0,23.5955056179775,176.404494382023,92.1348314606742
zanchi basilio 15011558,zanchi basilio 1501approximately 1558,100,76.6666666666667,76.6666666666667,13.4715062810913,Yes,23.3333333333333,23.3333333333333,153.333333333333,84.4444444444445
kepler johannes 15711630,kepler johannes,100,100,76.9230769230769,13.3234677505298,Yes,0,23.0769230769231,176.923076923077,92.3076923076923
hildegard saint 10981179,hildegard saint,100,100,76.9230769230769,13.3234677505298,Yes,0,23.0769230769231,176.923076923077,92.3076923076923
navagero andrea 14831529,navagero andrea,100,100,76.9230769230769,13.3234677505298,Yes,0,23.0769230769231,176.923076923077,92.3076923076923
buchanan george 15061582,buchanan george,100,100,76.9230769230769,13.3234677505298,Yes,0,23.0769230769231,176.923076923077,92.3076923076923
bauhuis bernard 15751619,bauhuis bernard,100,100,76.9230769230769,13.3234677505298,Yes,0,23.0769230769231,176.923076923077,92.3076923076923
ursinus velius caspar,vel caspar ursinus 14931538,100,80,75,13.228756555323,Yes,20,25,155,85
severus sanctus endelechius,endelechius severus sanctus ca 45th century,100,100,77.1428571428572,13.1965775814772,Yes,0,22.8571428571428,177.142857142857,92.3809523809524
vicente de lerins santo s5,vincent of lerins saint,100,77.5510204081633,77.5510204081633,12.9609244103794,Yes,22.4489795918367,22.4489795918367,155.102040816327,85.0340136054422
bernard of clairvaux saint 1090 or 911153,bernard of clairvaux saint,100,100,77.6119402985075,12.9257522952901,Yes,0,22.3880597014925,177.611940298508,92.5373134328358
erigena johannes scotus ca 810ca 877,erigena johannes scotus,100,100,77.9661016949153,12.7212771177375,Yes,0,22.0338983050847,177.966101694915,92.6553672316384
sannazaro jacopo 14581530,sannazaro jacopo,100,100,78.0487804878049,12.6735424944064,Yes,0,21.9512195121951,178.048780487805,92.6829268292683
lotichius petrus 15281560,lotichius petrus,100,100,78.0487804878049,12.6735424944064,Yes,0,21.9512195121951,178.048780487805,92.6829268292683
calcagnini celio,calcagnini celio 14791541,100,100,78.0487804878049,12.6735424944064,Yes,0,21.9512195121951,178.048780487805,92.6829268292683
cardano girolamo,cardano girolamo 15011576,100,100,78.0487804878049,12.6735424944064,Yes,0,21.9512195121951,178.048780487805,92.6829268292683
facundus hermeanensis,facundus of hermiane,100,78.0487804878049,78.0487804878049,12.6735424944064,Yes,21.9512195121951,21.9512195121951,156.09756097561,85.3658536585366
postel guillaume,postel guillaume 15101581,100,100,78.0487804878049,12.6735424944064,Yes,0,21.9512195121951,178.048780487805,92.6829268292683
cassianus johannes ca360435,cassian john,83.3333333333333,61.5384615384615,61.5384615384615,12.5832750977226,Yes,21.7948717948718,21.7948717948718,123.076923076923,68.8034188034188
melanchthon philipp 14971560,melancthon philipp,100,78.2608695652174,78.2608695652174,12.5510928084701,Yes,21.7391304347826,21.7391304347826,156.521739130435,85.5072463768116
arator subdiaconus fl 513544,arator subdiaconus,100,100,78.2608695652174,12.5510928084701,Yes,0,21.7391304347826,178.260869565217,92.7536231884058
dubner fr 18021867,dubner fr friedrich 18021867,100,100,78.2608695652174,12.5510928084701,Yes,0,21.7391304347826,178.260869565217,92.7536231884058
knollinger hermann,knoellinger hermann 18831914,100,78.2608695652174,78.2608695652174,12.5510928084701,Yes,21.7391304347826,21.7391304347826,156.521739130435,85.5072463768116
agobard saint 769840,agobard saint,100,100,78.7878787878788,12.2468238919012,Yes,0,21.2121212121212,178.787878787879,92.9292929292929
aldhelm saint 640709,aldhelm saint,100,100,78.7878787878788,12.2468238919012,Yes,0,21.2121212121212,178.787878787879,92.9292929292929
marineo siculo lucio,marineo lucio,100,100,78.7878787878788,12.2468238919012,Yes,0,21.2121212121212,178.787878787879,92.9292929292929
bartolo da sassoferrato,bartolo of sassoferrato 13131357,100,93.0232558139535,76.3636363636364,12.1442411977676,Yes,6.9767441860465,23.6363636363636,169.38689217759,89.7956307258633
ordericus vitalis 10751143,ordericus vitalis,100,100,79.0697674418605,12.0840754016433,Yes,0,20.9302325581395,179.069767441861,93.0232558139535
la rue charles de 16431725,la rue charles de,100,100,79.0697674418605,12.0840754016433,Yes,0,20.9302325581395,179.069767441861,93.0232558139535
larroumet gustave 18521902,larroumet gustave,100,100,79.0697674418605,12.0840754016433,Yes,0,20.9302325581395,179.069767441861,93.0232558139535
vico giambattista 16681744,vico giambattista,100,100,79.0697674418605,12.0840754016433,Yes,0,20.9302325581395,179.069767441861,93.0232558139535
palingenio stellato marcello ca 1500ca 1543,palingenio stellato marcello approximately 1500approximately 1543,100,86.8421052631579,75.9259259259259,12.0544197133419,Yes,13.1578947368421,24.0740740740741,162.768031189084,87.5893437296946
cato marcus porcius 234149 bc,cato marcus porcius,100,100,79.1666666666667,12.0281306081172,Yes,0,20.8333333333333,179.166666666667,93.0555555555556
cicero marcus tullius 10643 bc e,cicero marcus tullius,100,100,79.2452830188679,11.9827414360111,Yes,0,20.7547169811321,179.245283018868,93.0817610062893
agustin santo obispo de hipona 354430,augustine of hippo saint 354430,100,79.4117647058824,79.4117647058824,11.8866231891982,Yes,20.5882352941176,20.5882352941176,158.823529411765,86.2745098039216
sidronius de hossche si,hossche sidronius de 15961653,100,93.0232558139535,76.9230769230769,11.8352235470648,Yes,6.9767441860465,23.0769230769231,169.94633273703,89.9821109123435
petrarca francesco 13041374,petrarca francesco,100,100,80,11.5470053837925,Yes,0,20,180,93.3333333333333
bracciolini poggio 13801459,bracciolini poggio,100,100,80,11.5470053837925,Yes,0,20,180,93.3333333333333
gerhoh of reichersberg provost of reichersberg approximately 10931169,gerhoh of reichersberg provost of reichersberg,100,100,80,11.5470053837925,Yes,0,20,180,93.3333333333333
schoen henricus,schenkl heinrich 18591919,80,60,60,11.5470053837925,Yes,20,20,120,66.6666666666667
merobaudes flavius 5th cent,merobaudes flavius,100,100,80,11.5470053837925,Yes,0,20,180,93.3333333333333
bradwardine thomas 12901349,bradwardine thomas,100,100,80,11.5470053837925,Yes,0,20,180,93.3333333333333
prosper of aquitaine saint ca 390ca 463,prosper of aquitaine saint,100,100,80,11.5470053837925,Yes,0,20,180,93.3333333333333
ubaldi baldo degli,ubaldi baldo degli 13271400,100,100,80,11.5470053837925,Yes,0,20,180,93.3333333333333
erasmus desiderius 14671536,erasmus desiderius,100,100,80,11.5470053837925,Yes,0,20,180,93.3333333333333
seneca lucius annaeus ca 4 bc65 ad,seneca lucius annaeus approximately 4 bc65 ad,100,95.3846153846154,78.4810126582278,11.3291686698158,Yes,4.6153846153846,21.5189873417722,173.865628042843,91.2885426809477
augustine saint bishop of hippo,augustine of hippo saint 354430,100,87.2727272727273,77.4193548387097,11.320762307209,Yes,12.7272727272727,22.5806451612903,164.692082111437,88.2306940371457
paolo veneto ca 13701428,paolo veneto approximately 13701428,100,93.3333333333333,77.9661016949153,11.2996233505964,Yes,6.6666666666667,22.0338983050847,171.299435028249,90.4331450094162
eutropius 4th cent,eutropius active 4th century,100,83.8709677419355,78.2608695652174,11.2857482043696,Yes,16.1290322580645,21.7391304347826,162.131837307153,87.3772791023843
john of salisbury obispo de chartres,john of salisbury bishop of chartres,100,89.8550724637681,77.7777777777778,11.1251049593661,Yes,10.1449275362319,22.2222222222222,167.632850241546,89.2109500805153
meursius ioannes,meurs johannes van 15791639,75,55.8139534883721,55.8139534883721,11.0770691181731,Yes,19.1860465116279,19.1860465116279,111.627906976744,62.2093023255814
giraldus cambrensis 11461223,giraldus cambrensis,100,100,80.8510638297872,11.0556434525673,Yes,0,19.1489361702128,180.851063829787,93.6170212765957
vida marco girolamo 14701566,vida marco girolamo,100,100,80.8510638297872,11.0556434525673,Yes,0,19.1489361702128,180.851063829787,93.6170212765957
mallius theodorus,mallius theodorus flavius,100,100,80.952380952381,10.9971479845643,Yes,0,19.047619047619,180.952380952381,93.6507936507937
giraldi giglio gregorio 14791552,giraldi lilio gregorio 14791552,100,95.2380952380952,79.3650793650794,10.8045385484985,Yes,4.7619047619048,20.6349206349206,174.603174603175,91.5343915343915
gaza theodorus 13981475,gazes theodoros approximately 1400approximately 1475,66.6666666666667,48,48,10.777205024873,Yes,18.6666666666667,18.6666666666667,96,54.2222222222222
pontanus johannes isaacus,pontanus johannes isacius 15711639,100,81.3559322033898,81.3559322033898,10.7641575611625,Yes,18.6440677966102,18.6440677966102,162.71186440678,87.5706214689265
emili paolo,emili paolo 1529,100,100,81.4814814814815,10.6916716516597,Yes,0,18.5185185185185,181.481481481482,93.8271604938272
thomas aquinas saint 12251274,thomas aquinas saint,100,100,81.6326530612245,10.6043926994013,Yes,0,18.3673469387755,181.632653061225,93.8775510204082
marsilius de inghen,marsilius of inghen 1396,100,91.4285714285714,79.0697674418605,10.5220725039862,Yes,8.5714285714286,20.9302325581395,170.498338870432,90.1661129568106
vitruvius pollio marcus,vitruvius pollio,100,100,82.051282051282,10.362697139301,Yes,0,17.948717948718,182.051282051282,94.017094017094
bordini giovanni francesco ca 15361609,bordini giovanni francesco approximately 15361609,100,95.8904109589041,80.4597701149425,10.3022164516746,Yes,4.1095890410959,19.5402298850575,176.350181073847,92.1167270246155
bonaventure saint cardinal ca 12171274,bonaventure saint cardinal approximately 12171274,100,95.8904109589041,80.4597701149425,10.3022164516746,Yes,4.1095890410959,19.5402298850575,176.350181073847,92.1167270246155
vergilio polidoro,vergil polydore 14701555,81.25,63.4146341463415,63.4146341463415,10.2972532767052,Yes,17.8353658536585,17.8353658536585,126.829268292683,69.359756097561
spinoza benedictus de 16321677,spinoza benedictus de,100,100,82.3529411764706,10.1885341621699,Yes,0,17.6470588235294,182.352941176471,94.1176470588235
scaliger joseph juste 15401609,scaliger joseph juste,100,100,82.3529411764706,10.1885341621699,Yes,0,17.6470588235294,182.352941176471,94.1176470588235
dinter bernhard 1825,dinter bernard,100,82.3529411764706,82.3529411764706,10.1885341621699,Yes,17.6470588235294,17.6470588235294,164.705882352941,88.2352941176471
thomas a becket saint 11181170,thomas a becket saint,100,100,82.3529411764706,10.1885341621699,Yes,0,17.6470588235294,182.352941176471,94.1176470588235
vliet joannes van der,vliet joannes van der 18471902,100,100,82.3529411764706,10.1885341621699,Yes,0,17.6470588235294,182.352941176471,94.1176470588235
osullivanbeare philip,osullivanbeare philip 15901660,100,100,82.3529411764706,10.1885341621699,Yes,0,17.6470588235294,182.352941176471,94.1176470588235
florus lucius annaeus 2nd cent,florus lucius annaeus,100,100,82.3529411764706,10.1885341621699,Yes,0,17.6470588235294,182.352941176471,94.1176470588235
petrus de ebulo fl 1196,petrus de ebulo active 1196,100,93.0232558139535,80,10.1511916495323,Yes,6.9767441860465,20,173.023255813953,91.0077519379845
ramon llull beato 12321315,llull ramon 12321316,100,82.6086956521739,82.6086956521739,10.0408742467761,Yes,17.3913043478261,17.3913043478261,165.217391304348,88.4057971014493
decembrio angelo ca 14151462,decembrio angelo approximately 14151462,100,94.3396226415094,80.5970149253731,9.97810075854715,Yes,5.66037735849061,19.4029850746269,174.936637566883,91.6455458556275
biel gabriel,biel gabriel 1495,100,100,82.7586206896552,9.95431498602803,Yes,0,17.2413793103448,182.758620689655,94.2528735632184
flodoard of reims 894966,flodoard of reims,100,100,82.9268292682927,9.85719971787166,Yes,0,17.0731707317073,182.926829268293,94.3089430894309
alanus de insulis d 1202,alanus de insulis,100,100,82.9268292682927,9.85719971787166,Yes,0,17.0731707317073,182.926829268293,94.3089430894309
valerius flaccus gaius 1st cent,valerius flaccus gaius,100,100,83.0188679245283,9.80406117491817,Yes,0,16.9811320754717,183.018867924528,94.3396226415094
festus sextus pompeius 2nd cent,festus sextus pompeius,100,100,83.0188679245283,9.80406117491817,Yes,0,16.9811320754717,183.018867924528,94.3396226415094
muret marc antoine 15261585,muret marcantoine 15261585,100,83.0188679245283,83.0188679245283,9.80406117491817,Yes,16.9811320754717,16.9811320754717,166.037735849057,88.6792452830189
brasavola antonio musa 15001555,brasavola a m antonio musa,100,91.6666666666667,80.7017543859649,9.67898091697978,Yes,8.3333333333333,19.2982456140351,172.368421052632,90.7894736842105
facrno gabriello d 1561,faerno gabriello 15111561,100,83.3333333333333,83.3333333333333,9.62250448649376,Yes,16.6666666666667,16.6666666666667,166.666666666667,88.8888888888889
polignac melchior de cardenal 16611741,polignac melchior de 16611742,100,83.5820895522388,83.5820895522388,9.47888501654609,Yes,16.4179104477612,16.4179104477612,167.164179104478,89.0547263681592
marcilius theodorus,marcile theodore 15481617,80,63.6363636363636,63.6363636363636,9.44754985946661,Yes,16.3636363636364,16.3636363636364,127.272727272727,69.0909090909091
scaligero giulio cesare 14841558,scaligero giulio cesare,100,100,83.6363636363636,9.4475498594666,Yes,0,16.3636363636364,183.636363636364,94.5454545454546
alegre francisco javier,alegre francisco javier 17291788,100,100,83.6363636363636,9.4475498594666,Yes,0,16.3636363636364,183.636363636364,94.5454545454546
alexander of hales ca 11851245,alexander of hales approximately 11851245,100,94.7368421052632,81.6901408450704,9.42663060227958,Yes,5.26315789473681,18.3098591549296,176.426982950334,92.1423276501112
erasmus desiderius d 1536,erasmus desiderius,100,100,83.7209302325581,9.39872531238926,Yes,0,16.2790697674419,183.720930232558,94.5736434108527
lapide cornelius a si 15671637,lapide cornelius cornelii a 15671637,100,94.7368421052632,81.8181818181818,9.35566786351673,Yes,5.26315789473681,18.1818181818182,176.555023923445,92.1850079744817
leibniz gottfried wilhelm 16461716,leibniz gottfried wilhelm freiherr von 16461716,100,100,83.9506172839506,9.26611543143845,Yes,0,16.0493827160494,183.950617283951,94.6502057613169
weichert jonathan august 17881844,weichert august 17881844,100,100,84.2105263157895,9.11605688194146,Yes,0,15.7894736842105,184.210526315789,94.7368421052632
walram bishop of naumberg d 1111,walram bishop of naumburg,100,84.2105263157895,84.2105263157895,9.11605688194146,Yes,15.7894736842105,15.7894736842105,168.421052631579,89.4736842105263
estacio publio papinio ca 4596,statius p papinius publius papinius,63.4146341463415,46.4285714285714,49.2307692307692,9.1064140684635,Yes,16.9860627177701,14.1838649155723,95.6593406593406,53.0246582685607
ephraem syrus saint 303373,ephraem syrus saint,100,100,84.4444444444444,8.98100418739418,Yes,0,15.5555555555556,184.444444444444,94.8148148148148
suetonius ca 69approximately 122,suetonius approximately 69approximately 122,100,95.0819672131148,82.6666666666667,8.93281570573688,Yes,4.91803278688521,17.3333333333333,177.748633879782,92.5828779599272
pontano giovanni gioviano 14291503,pontano giovanni gioviano,100,100,84.7457627118644,8.80703800458752,Yes,0,15.2542372881356,184.745762711864,94.9152542372881
viperano giovanni antonio,viperano giovanni antonio 15351610,100,100,84.7457627118644,8.80703800458752,Yes,0,15.2542372881356,184.745762711864,94.9152542372881
pontano giovanni gioviano 14261503,pontano giovanni gioviano,100,100,84.7457627118644,8.80703800458752,Yes,0,15.2542372881356,184.745762711864,94.9152542372881
plinio cecilio segundo cayo,pliny the younger,51.6129032258065,36.3636363636364,36.3636363636364,8.80416832781834,Yes,15.2492668621701,15.2492668621701,72.7272727272728,41.4467253176931
plinio segundo cayo 2379 dc,pliny the elder,53.3333333333333,38.0952380952381,38.0952380952381,8.79771838765144,Yes,15.2380952380952,15.2380952380952,76.1904761904762,43.1746031746032
dati leonardo 1425,dati leonardo 14081472,100,85,85,8.66025403784439,Yes,15,15,170,90
minucio felix marco,minucius felix marcus,100,85,85,8.66025403784439,Yes,15,15,170,90
catullus valerius,catullus gaius valerius,100,100,85,8.66025403784439,Yes,0,15,185,95
lambert von hersfeld d 1088,lambert von hersfeld,100,100,85.1063829787234,8.59883379644124,Yes,0,14.8936170212766,185.106382978723,95.0354609929078
de vio tommaso 14691534,cajetan tommaso de vio 14691534,100,100,85.1851851851852,8.55333732132779,Yes,0,14.8148148148148,185.185185185185,95.0617283950617
giles of rome archbishop of bourges ca 12431316,giles of rome archbishop of bourges approximately 12431316,100,96.4705882352941,83.8095238095238,8.51362456177085,Yes,3.5294117647059,16.1904761904762,180.280112044818,93.4267040149393
ciceron marco tulio 10643 ac,cicero marcus tullius,80,65.3061224489796,65.3061224489796,8.48351415952103,Yes,14.6938775510204,14.6938775510204,130.612244897959,70.2040816326531
jimenez de rada rodrigo ca 11701247,jimenez de rada rodrigo approximately 11701247,100,95.5223880597015,83.9506172839506,8.28188357340538,Yes,4.4776119402985,16.0493827160494,179.473005343652,93.157668447884
bidermann jakob 15771639,bidermann jakob 1577 or 15781639,100,85.7142857142857,85.7142857142857,8.24786098842323,Yes,14.2857142857143,14.2857142857143,171.428571428571,90.4761904761905
liudprand bishop of cremona d ca 972,liudprand bishop of cremona,100,100,85.7142857142857,8.24786098842322,Yes,0,14.2857142857143,185.714285714286,95.2380952380952
bovelles charles de,bovillus carolus 14791567,68.5714285714286,54.5454545454546,54.5454545454545,8.0978998795428,Yes,14.025974025974,14.0259740259741,109.090909090909,59.2207792207792
baconthorpe john ca 12901346,baconthorpe john 1346,100,86.4864864864865,85.7142857142857,8.03422858945359,Yes,13.5135135135135,14.2857142857143,172.200772200772,90.7335907335908
agricola rudolf 14431485,agricola rodolphus 14431485,100,86.2745098039216,86.2745098039216,7.92441545946545,Yes,13.7254901960784,13.7254901960784,172.549019607843,90.8496732026144
canoniero pietro andrea,canonieri pietro andrea 1639,100,86.2745098039216,86.2745098039216,7.92441545946545,Yes,13.7254901960784,13.7254901960784,172.549019607843,90.8496732026144
lipsio justo 15471606,lipsius justus 15471606,100,86.3636363636364,86.3636363636364,7.87295821622217,Yes,13.6363636363636,13.6363636363636,172.727272727273,90.9090909090909
facio bartolomeo,facio bartolomeo 1457,100,100,86.4864864864865,7.80203066472467,Yes,0,13.5135135135135,186.486486486487,95.4954954954955
ildefonso santo 607667,ildephonsus saint,75,61.5384615384615,61.5384615384615,7.77202285447573,Yes,13.4615384615385,13.4615384615385,123.076923076923,66.025641025641
pico della mirandola giovanni 14631494,pico della mirandola giovanni,100,100,86.5671641791045,7.75545137717408,Yes,0,13.4328358208955,186.567164179105,95.5223880597015
scaliger julius ceasar 14841558,scaligero giulio cesare,80,66.6666666666667,66.6666666666667,7.69800358919501,Yes,13.3333333333333,13.3333333333333,133.333333333333,71.1111111111111
jerome saint d 419 or 20,jerome saint 419 or 420,100,93.6170212765958,85.1063829787234,7.47209486017925,Yes,6.38297872340419,14.8936170212766,178.723404255319,92.9078014184398
bouelles charles de,bovillus carolus 14791567,62.8571428571429,50,50,7.4230748895809,Yes,12.8571428571429,12.8571428571429,100,54.2857142857143
vegetius renatus publius,vegetius renatus flavius,100,87.5,87.5,7.21687836487032,Yes,12.5,12.5,175,91.6666666666667
herberstein sigmund von 14861566,herberstein sigmund freiherr von 14861566,100,100,87.6712328767123,7.11801701740635,Yes,0,12.3287671232877,187.671232876712,95.8904109589041
krumbiegel richard,krumbiegel richard 1867,100,100,87.8048780487805,7.0408569413369,Yes,0,12.1951219512195,187.804878048781,95.9349593495935
erasmus desiderius 1536,erasmus desiderius,100,100,87.8048780487805,7.0408569413369,Yes,0,12.1951219512195,187.804878048781,95.9349593495935
gronovius johannes fredericus 16861762,gronovius joannes fredericus 16111671,100,88,88,6.92820323027551,Yes,12,12,176,92
virgilio polydoro 14701555,vergil polydore 14701555,100,88,88,6.92820323027551,Yes,12,12,176,92
wyttenbach daniel 17461820,wyttenbach daniel albert 17461820,100,100,88.135593220339,6.84991844801251,Yes,0,11.864406779661,188.135593220339,96.045197740113
eucherius of lyon saint d 449,eucherius of lyon saint,100,100,88.4615384615385,6.66173387526492,Yes,0,11.5384615384615,188.461538461539,96.1538461538462
ennodius magnus felix saint 474521,ennodius magnus felix saint,100,100,88.5245901639344,6.62533095791374,Yes,0,11.4754098360656,188.524590163934,96.1748633879781
silius italicus tiberius catius d 10 ad,silius italicus tiberius catius,100,100,88.5714285714286,6.59828879073858,Yes,0,11.4285714285714,188.571428571429,96.1904761904762
lambert von hersfeld 1088,lambert von hersfeld,100,100,88.8888888888889,6.41500299099584,Yes,0,11.1111111111111,188.888888888889,96.2962962962963
isidore of seville saint d 636,isidore of seville saint,100,100,88.8888888888889,6.41500299099584,Yes,0,11.1111111111111,188.888888888889,96.2962962962963
mela pomponio,mela pomponius,100,88.8888888888889,88.8888888888889,6.41500299099584,Yes,11.1111111111111,11.1111111111111,177.777777777778,92.5925925925926
emili paolo 14601529,emili paolo 1529,100,88.8888888888889,88.8888888888889,6.41500299099584,Yes,11.1111111111111,11.1111111111111,177.777777777778,92.5925925925926
tacito cayo cornelio,tacitus cornelius,81.25,70.2702702702703,70.2702702702703,6.3391499150888,Yes,10.9797297297297,10.9797297297297,140.540540540541,73.9301801801802
anselm saint archbishop of canterbury 10331109,anselm saint archbishop of canterbury,100,100,89.1566265060241,6.26042460567064,Yes,0,10.8433734939759,189.156626506024,96.3855421686747
sidonio apolinar santo 431487,sidonius apollinaris saint 431 or 432approximately 487,75.8620689655172,65.0602409638554,65.0602409638554,6.23643830449949,Yes,10.8018280016618,10.8018280016618,130.120481927711,68.6608502977427
gregory saint bishop of tours 538594,gregory bishop of tours saint,100,100,89.2307692307692,6.21761828358059,Yes,0,10.7692307692308,189.230769230769,96.4102564102564
gregory bishop of tours saint 538594,gregory bishop of tours saint,100,100,89.2307692307692,6.21761828358059,Yes,0,10.7692307692308,189.230769230769,96.4102564102564
rutilius namatianus claudius 5th cent,namatianus claudius rutilius active 5th century,100,92.7536231884058,88.0952380952381,5.99908166001164,Yes,7.2463768115942,11.9047619047619,180.848861283644,93.616287094548
georgius trapezuntius,george of trebizond 13961486,55,44.8979591836735,44.8979591836735,5.83241598467071,Yes,10.1020408163265,10.1020408163265,89.795918367347,48.265306122449
pohlenz m 18721962,pohlenz m max 18721962,100,100,90,5.77350269189626,Yes,0,10,190,96.6666666666667
pontanus jacobus si 15421626,pontanus jacob 15421626,100,90.1960784313725,90.1960784313726,5.66029675676104,Yes,9.8039215686275,9.8039215686274,180.392156862745,93.4640522875817
canonieri pietro andrea,canonieri pietro andrea 1639,100,100,90.1960784313726,5.66029675676103,Yes,0,9.8039215686274,190.196078431373,96.7320261437909
epiphanius saint bishop of constantia in cyprus ca 310403,epiphanius saint bishop of constantia in cyprus,100,100,90.3846153846154,5.55144489605408,Yes,0,9.6153846153846,190.384615384615,96.7948717948718
ambrose saint bishop of milan d 397,ambrose saint bishop of milan,100,100,90.625,5.41265877365274,Yes,0,9.375,190.625,96.875
vossius gerhard johann 15771649,vossius gerardus joannes 15771649,100,90.625,90.625,5.41265877365274,Yes,9.375,9.375,181.25,93.75
keil henricus 18221894,keil heinrich 18221894,100,90.9090909090909,90.9090909090909,5.24863881081478,Yes,9.09090909090909,9.09090909090909,181.818181818182,93.9393939393939
walram bishop of naumburg 1111,walram bishop of naumburg,100,100,90.9090909090909,5.24863881081478,Yes,0,9.09090909090909,190.909090909091,96.969696969697
tesauro emmanuele conte de 15911675,tesauro emanuele conte 15921675,100,90.9090909090909,90.9090909090909,5.24863881081478,Yes,9.09090909090909,9.09090909090909,181.818181818182,93.9393939393939
maldonado juan de si 15331583,maldonado juan de 15341583,100,90.9090909090909,90.9090909090909,5.24863881081478,Yes,9.09090909090909,9.09090909090909,181.818181818182,93.9393939393939
fortunato venancio honorio clemenciano ca 540600,fortunatus venantius honorius clementianus,80,71.1111111111111,71.1111111111111,5.13200239279667,Yes,8.8888888888889,8.8888888888889,142.222222222222,74.0740740740741
cipriano santo obispo de cartago ca 210258,cyprian saint bishop of carthage,65.625,56.7567567567568,56.7567567567568,5.12008262372557,Yes,8.8682432432432,8.8682432432432,113.513513513514,59.7128378378379
john of salisbury bishop of chartres d 1180,john of salisbury bishop of chartres,100,100,91.1392405063291,5.11576187889542,Yes,0,8.8607594936709,191.139240506329,97.0464135021097
ursinus velius caspar 14931539,vel caspar ursinus 14931538,100,91.2280701754386,91.2280701754386,5.06447604552303,Yes,8.7719298245614,8.7719298245614,182.456140350877,94.1520467836257
lommatzsch ernst 1871,lommatzsch ernst 18711949,100,91.304347826087,91.304347826087,5.02043712338805,Yes,8.695652173913,8.695652173913,182.608695652174,94.2028985507247
tacticus cornelius,tacitus cornelius,100,91.4285714285714,91.4285714285714,4.94871659305393,Yes,8.5714285714286,8.5714285714286,182.857142857143,94.2857142857143
nithard d 844,nithard 844,100,100,91.6666666666667,4.81125224324689,Yes,0,8.3333333333333,191.666666666667,97.2222222222222
sayer gregory osb 15601602,sayer gregory 15601602,100,100,91.6666666666667,4.81125224324689,Yes,0,8.3333333333333,191.666666666667,97.2222222222222
pontanus iacobus 15421626,pontanus jacob 15421626,100,91.6666666666667,91.6666666666667,4.81125224324688,Yes,8.3333333333333,8.3333333333333,183.333333333333,94.4444444444445
claudianus claudio,claudianus claudius,100,91.8918918918919,91.8918918918919,4.68121839883481,Yes,8.1081081081081,8.1081081081081,183.783783783784,94.5945945945946
eucherius of lyon saint 449,eucherius of lyon saint,100,100,92,4.61880215351701,Yes,0,8,192,97.3333333333333
isidore of seville saint 636,isidore of seville saint,100,100,92.3076923076923,4.44115591684328,Yes,0,7.69230769230769,192.307692307692,97.4358974358975
boethius d 524,boethius 524,100,100,92.3076923076923,4.44115591684328,Yes,0,7.69230769230769,192.307692307692,97.4358974358975
sirmond jacques s i 15591651,sirmond jacques 15591651,100,100,92.3076923076923,4.44115591684328,Yes,0,7.69230769230769,192.307692307692,97.4358974358975
luis de granada o p 15041588,luis de granada 15041588,100,100,92.3076923076923,4.44115591684328,Yes,0,7.69230769230769,192.307692307692,97.4358974358975
masen jakob si 16061681,masen jakob 16061681,100,100,93.0232558139535,4.02802513388111,Yes,0,6.9767441860465,193.023255813953,97.6744186046512
ovid 43 bc17 or 18 ad,ovid 43 bc17 ad or 18 ad,100,100,93.3333333333333,3.84900179459752,Yes,0,6.6666666666667,193.333333333333,97.7777777777778
prudentius b 348,prudentius 348,100,100,93.3333333333333,3.84900179459752,Yes,0,6.6666666666667,193.333333333333,97.7777777777778
cano melchor op 15091560,cano melchor 15091560,100,100,93.3333333333333,3.84900179459752,Yes,0,6.6666666666667,193.333333333333,97.7777777777778
john of salisbury bishop of chartres 1180,john of salisbury bishop of chartres,100,100,93.5064935064935,3.74902772201056,Yes,0,6.4935064935065,193.506493506493,97.8354978354978
ambrose saint bishop of milan 397,ambrose saint bishop of milan,100,100,93.5483870967742,3.72484044638468,Yes,0,6.45161290322579,193.548387096774,97.8494623655914
fulgencio de ruspe santo 463533,fulgentius saint bishop of ruspa,66.6666666666667,60.3174603174603,60.3174603174603,3.66571599485477,Yes,6.3492063492064,6.3492063492064,120.634920634921,62.4338624338624
sachez de las brozas francisco 15221600,sanchez de las brozas francisco 15231601,100,93.6708860759494,93.6708860759494,3.65411562778245,Yes,6.3291139240506,6.3291139240506,187.341772151899,95.7805907172996
obsequens iulius,obsequens julius,100,93.75,93.75,3.60843918243516,Yes,6.25,6.25,187.5,95.8333333333333
alvares manuel si 15261583,alvares manuel 15261583,100,100,93.8775510204082,3.5347975664671,Yes,0,6.1224489795918,193.877551020408,97.9591836734694
manilio marco,manilius marcus,84.6153846153846,78.5714285714286,78.5714285714286,3.48947964894829,Yes,6.043956043956,6.043956043956,157.142857142857,80.5860805860806
luis de granada op 15041588,luis de granada 15041588,100,100,94.1176470588235,3.39617805405663,Yes,0,5.88235294117651,194.117647058823,98.0392156862745
caussin nicolas si 15831651,caussin nicolas 15831651,100,100,94.1176470588235,3.39617805405663,Yes,0,5.88235294117651,194.117647058823,98.0392156862745
benci francesco si 15421594,benci francesco 15421594,100,100,94.1176470588235,3.39617805405663,Yes,0,5.88235294117651,194.117647058823,98.0392156862745
sirmond jacques si 15591651,sirmond jacques 15591651,100,100,94.1176470588235,3.39617805405663,Yes,0,5.88235294117651,194.117647058823,98.0392156862745
tacitus corneluis,tacitus cornelius,100,94.1176470588235,94.1176470588235,3.39617805405662,Yes,5.88235294117651,5.88235294117651,188.235294117647,96.078431372549
sanders nicholas ca15301581,sander nicholas 15301581,100,94.1176470588235,94.1176470588235,3.39617805405662,Yes,5.88235294117651,5.88235294117651,188.235294117647,96.078431372549
bernardino de siena santo 13801444,bernardino da siena saint 13801444,100,94.1176470588235,94.1176470588235,3.39617805405662,Yes,5.88235294117651,5.88235294117651,188.235294117647,96.078431372549
maittaire michel 16681747,maittaire michael 16671747,100,94.1176470588235,94.1176470588235,3.39617805405662,Yes,5.88235294117651,5.88235294117651,188.235294117647,96.078431372549
biel gabriel d 1495,biel gabriel 1495,100,100,94.4444444444444,3.20750149549792,Yes,0,5.5555555555556,194.444444444444,98.1481481481481
trogo pompeyo,trogus pompeius,76.9230769230769,71.4285714285714,71.4285714285714,3.17225422631662,Yes,5.4945054945055,5.4945054945055,142.857142857143,73.2600732600732
victorinus saint bishop of poetovio 304,victorinus saint bishop of poetovio,100,100,94.5945945945946,3.12081226588987,Yes,0,5.4054054054054,194.594594594595,98.1981981981982
wycliffe john d 1384,wycliffe john 1384,100,100,94.7368421052632,3.03868562731382,Yes,0,5.26315789473681,194.736842105263,98.2456140350877
valerius cornelius,valerianus cornelius,100,94.7368421052632,94.7368421052632,3.03868562731382,Yes,5.26315789473681,5.26315789473681,189.473684210526,96.4912280701755
villani filippo d 1405,villani filippo 1405,100,100,95.2380952380952,2.74928699614107,Yes,0,4.7619047619048,195.238095238095,98.4126984126984
facio bartolomeo d 1457,facio bartolomeo 1457,100,100,95.4545454545454,2.6243194054074,Yes,0,4.5454545454546,195.454545454545,98.4848484848485
valla lorenzo 14061457,valla lorenzo 14071457,100,95.4545454545454,95.4545454545454,2.6243194054074,Yes,4.5454545454546,4.5454545454546,190.909090909091,96.9696969696969
catallus gaius valerius,catullus gaius valerius,100,95.6521739130435,95.6521739130435,2.51021856169402,Yes,4.3478260869565,4.3478260869565,191.304347826087,97.1014492753623
schott andreas 15521629,schottus andreas 15521629,100,95.8333333333333,95.8333333333333,2.40562612162344,Yes,4.1666666666667,4.1666666666667,191.666666666667,97.2222222222222
albertus de saxonia d 1390,albertus de saxonia 1390,100,100,96,2.3094010767585,Yes,0,4,196,98.6666666666667
cardano gerolamo 15011576,cardano girolamo 15011576,100,96,96,2.3094010767585,Yes,4,4,192,97.3333333333333
barth caspar von 15871658,barth kaspar von 15871658,100,96,96,2.3094010767585,Yes,4,4,192,97.3333333333333
baptista mantuanus 14471516,baptista mantuanus 14481516,100,96.2962962962963,96.2962962962963,2.13833433033195,Yes,3.7037037037037,3.7037037037037,192.592592592593,97.5308641975309
kircher athanasius 16011680,kircher athanasius 16021680,100,96.2962962962963,96.2962962962963,2.13833433033195,Yes,3.7037037037037,3.7037037037037,192.592592592593,97.5308641975309
fracastoro girolamo 14831553,fracastoro girolamo 14781553,100,96.4285714285714,96.4285714285714,2.0619652471058,Yes,3.5714285714286,3.5714285714286,192.857142857143,97.6190476190476
catulo cayo valerio,catullus gaius valerius,63.1578947368421,66.6666666666667,66.6666666666667,2.02579041820921,Yes,-3.5087719298246,-3.5087719298246,133.333333333333,65.4970760233918
amiano marcelino,ammianus marcellinus,81.25,77.7777777777778,77.7777777777778,2.0046884346862,Yes,3.4722222222222,3.4722222222222,155.555555555556,78.9351851851852
vitoria francisco de 14831546,vitoria francisco de 14861546,100,96.5517241379311,96.5517241379311,1.9908629972056,Yes,3.4482758620689,3.4482758620689,193.103448275862,97.7011494252874
polignac melchior de 16611741,polignac melchior de 16611742,100,96.5517241379311,96.5517241379311,1.9908629972056,Yes,3.4482758620689,3.4482758620689,193.103448275862,97.7011494252874
pascasio radberto santo,paschasius radbertus saint,78.2608695652174,81.6326530612245,81.6326530612245,1.94670010906884,Yes,-3.3717834960071,-3.3717834960071,163.265306122449,80.5087252292221
maffei giovanni pietro 15331603,maffei giovanni pietro 15361603,100,96.7741935483871,96.7741935483871,1.86242022319234,Yes,3.2258064516129,3.2258064516129,193.548387096774,97.8494623655914
vossius gerard joannes 15771649,vossius gerardus joannes 15771649,100,96.875,96.875,1.80421959121758,Yes,3.125,3.125,193.75,97.9166666666667
macrobio ambrosio aurelio teodosio,macrobius ambrosius aurelius theodosius,79.4117647058824,82.1917808219178,82.1917808219178,1.60504305294456,Yes,-2.7800161160354,-2.7800161160354,164.383561643836,81.2651087832393
hilary saint bishop of poitiers d 367,hilary saint bishop of poitiers 367,100,100,97.2222222222222,1.60375074774897,Yes,0,2.7777777777778,197.222222222222,99.0740740740741
juvenco cayo vecio aquilino s4,juvencus caius vettius aquilinus,73.6842105263158,70.9677419354839,70.9677419354839,1.56835387216197,Yes,2.71646859083189,2.71646859083189,141.935483870968,71.8732314657612
juvenco cayo vecio aquilino s 4,juvencus caius vettius aquilinus,72.4137931034483,69.8412698412699,69.8412698412698,1.48524699791529,Yes,2.57252326217839,2.57252326217849,139.68253968254,70.6987775953293
burchardus episcopus wormaciensis,burchard bishop of worms,58.3333333333333,56.140350877193,56.140350877193,1.26611901138076,Yes,2.1929824561403,2.1929824561403,112.280701754386,56.8713450292398
alberto magno santo 12061280,albertus magnus saint 11931280,77.7777777777778,75.8620689655172,75.8620689655172,1.10603499844757,Yes,1.9157088122606,1.9157088122606,151.724137931034,76.5006385696041
sereno samonico quinto,serenus sammonicus quintus,77.2727272727273,79.1666666666667,79.1666666666667,1.09346641891975,Yes,-1.89393939393941,-1.89393939393941,158.333333333333,78.5353535353536
ernest johann august 17071781,ernesti johann august 17071781,100,98.3050847457627,98.3050847457627,0.978559778287493,Yes,1.6949152542373,1.6949152542373,196.610169491525,98.8700564971751
schomann george friedrich 17931879,schomann georg friedrich 17931879,100,98.5074626865672,98.5074626865672,0.861716819686007,Yes,1.49253731343281,1.49253731343281,197.014925373134,99.0049751243781
vossius gerardus johannes 15771649,vossius gerardus joannes 15771649,100,98.5074626865672,98.5074626865672,0.861716819686007,Yes,1.49253731343281,1.49253731343281,197.014925373134,99.0049751243781
buenaventura santo 12211274,bonaventure saint cardinal approximately 12171274,59.2592592592593,60.5263157894737,60.5263157894737,0.731535428797776,Yes,-1.2670565302144,-1.2670565302144,121.052631578947,60.1039636127356
aponius,apponius,92.3076923076923,93.3333333333333,93.3333333333333,0.59215412224576,Yes,-1.02564102564099,-1.02564102564099,186.666666666667,92.991452991453
frontino sexto julio,frontinus sextus julius,80,79.0697674418605,79.0697674418605,0.537070017850816,Yes,0.930232558139494,0.930232558139494,158.139534883721,79.3798449612403
celso aulo cornelio,celsus aulus cornelius,78.9473684210526,78.0487804878049,78.0487804878049,0.51879998515114,Yes,0.898587933247697,0.898587933247697,156.09756097561,78.3483097988875
caesar julius,caesar julius,100,100,100,0,Yes,0,0,200,100
kircher athanasius 16021680,kircher athanasius 16021680,100,100,100,0,Yes,0,0,200,100
acosta jose de 15401600,acosta jose de 15401600,100,100,100,0,Yes,0,0,200,100
mersenne marin 15881648,mersenne marin 15881648,100,100,100,0,Yes,0,0,200,100
virgil,virgil,100,100,100,0,Yes,0,0,200,100
suarez francisco 15481617,suarez francisco 15481617,100,100,100,0,Yes,0,0,200,100
alvares manuel 15261583,alvares manuel 15261583,100,100,100,0,Yes,0,0,200,100
boethius 524,boethius 524,100,100,100,0,Yes,0,0,200,100
vitruvius pollio,vitruvius pollio,100,100,100,0,Yes,0,0,200,100
juvencus caius vettius aquilinus,juvencus caius vettius aquilinus,100,100,100,0,Yes,0,0,200,100
lucretius carus titus,lucretius carus titus,100,100,100,0,Yes,0,0,200,100
cicero marcus tullius,cicero marcus tullius,100,100,100,0,Yes,0,0,200,100
hyginus gromaticus,hyginus gromaticus,100,100,100,0,Yes,0,0,200,100
horace,horace,100,100,100,0,Yes,0,0,200,100
livy,livy,100,100,100,0,Yes,0,0,200,100
commodianus,commodianus,100,100,100,0,Yes,0,0,200,100
copernicus nicolaus 14731543,copernicus nicolaus 14731543,100,100,100,0,Yes,0,0,200,100
bacon roger 12141294,bacon roger 12141294,100,100,100,0,Yes,0,0,200,100
gretser jakob 15621625,gretser jakob 15621625,100,100,100,0,Yes,0,0,200,100
palladius rutilius taurus aemilianus,palladius rutilius taurus aemilianus,100,100,100,0,Yes,0,0,200,100
huygens christiaan 16291695,huygens christiaan 16291695,100,100,100,0,Yes,0,0,200,100
valerius maximus,valerius maximus,100,100,100,0,Yes,0,0,200,100
silius italicus tiberius catius,silius italicus tiberius catius,100,100,100,0,Yes,0,0,200,100
victor sextus aurelius,victor sextus aurelius,100,100,100,0,Yes,0,0,200,100
juvenal,juvenal,100,100,100,0,Yes,0,0,200,100
claudianus claudius,claudianus claudius,100,100,100,0,Yes,0,0,200,100
florus lucius annaeus,florus lucius annaeus,100,100,100,0,Yes,0,0,200,100
propertius sextus,propertius sextus,100,100,100,0,Yes,0,0,200,100
maffei giovanni pietro 15361603,maffei giovanni pietro 15361603,100,100,100,0,Yes,0,0,200,100
pliny the elder,pliny the elder,100,100,100,0,Yes,0,0,200,100
muret marcantoine 15261585,muret marcantoine 15261585,100,100,100,0,Yes,0,0,200,100
curtius rufus quintus,curtius rufus quintus,100,100,100,0,Yes,0,0,200,100
augustine of hippo saint 354430,augustine of hippo saint 354430,100,100,100,0,Yes,0,0,200,100
catullus gaius valerius,catullus gaius valerius,100,100,100,0,Yes,0,0,200,100
gellius aulus,gellius aulus,100,100,100,0,Yes,0,0,200,100
lachmann karl 17931851,lachmann karl 17931851,100,100,100,0,Yes,0,0,200,100
mela pomponius,mela pomponius,100,100,100,0,Yes,0,0,200,100
nepos cornelius,nepos cornelius,100,100,100,0,Yes,0,0,200,100
ovid 43 bc17 ad or 18 ad,ovid 43 bc17 ad or 18 ad,100,100,100,0,Yes,0,0,200,100
persius,persius,100,100,100,0,Yes,0,0,200,100
rutilius namatianus claudius active 5th century,namatianus claudius rutilius active 5th century,100,100,100,0,Yes,0,0,200,100
tacitus cornelius,tacitus cornelius,100,100,100,0,Yes,0,0,200,100
tibullus,tibullus,100,100,100,0,Yes,0,0,200,100
linne carl von 17071778,linne carl von 17071778,100,100,100,0,Yes,0,0,200,100
dante alighieri 12651321,dante alighieri 12651321,100,100,100,0,Yes,0,0,200,100
zwingli ulrich 14841531,zwingli ulrich 14841531,100,100,100,0,Yes,0,0,200,100
paulus julius,paulus julius,100,100,100,0,Yes,0,0,200,100
prudentius 348,prudentius 348,100,100,100,0,Yes,0,0,200,100
quintilian,quintilian,100,100,100,0,Yes,0,0,200,100
guarino veronese 13741460,guarino veronese 13741460,100,100,100,0,Yes,0,0,200,100
duns scotus john approximately 12661308,duns scotus john approximately 12661308,100,100,100,0,Yes,0,0,200,100
forcellini egidio 16881768,forcellini egidio 16881768,100,100,100,0,Yes,0,0,200,100
seneca lucius annaeus approximately 55 bcapproximately 39 ad,seneca lucius annaeus approximately 55 bcapproximately 39 ad,100,100,100,0,Yes,0,0,200,100
grotius hugo 15831645,grotius hugo 15831645,100,100,100,0,Yes,0,0,200,100
suetonius approximately 69approximately 122,suetonius approximately 69approximately 122,100,100,100,0,Yes,0,0,200,100
justinus marcus junianus,justinus marcus junianus,100,100,100,0,Yes,0,0,200,100
pliny the younger,pliny the younger,100,100,100,0,Yes,0,0,200,100
cyprian saint bishop of carthage,cyprian saint bishop of carthage,100,100,100,0,Yes,0,0,200,100
rossbach august 18231898,rossbach august 18231898,100,100,100,0,Yes,0,0,200,100
keil heinrich 18221894,keil heinrich 18221894,100,100,100,0,Yes,0,0,200,100
vel caspar ursinus 14931538,vel caspar ursinus 14931538,100,100,100,0,Yes,0,0,200,100
serenus sammonicus quintus,serenus sammonicus quintus,100,100,100,0,Yes,0,0,200,100
marcellus empiricus,marcellus empiricus,100,100,100,0,Yes,0,0,200,100
firmicus maternus julius,firmicus maternus julius,100,100,100,0,Yes,0,0,200,100
varro marcus terentius,varro marcus terentius,100,100,100,0,Yes,0,0,200,100
vegetius renatus flavius,vegetius renatus flavius,100,100,100,0,Yes,0,0,200,100
vives juan luis 14921540,vives juan luis 14921540,100,100,100,0,Yes,0,0,200,100
muller lucian 18361898,muller lucian 18361898,100,100,100,0,Yes,0,0,200,100
andreas capellanus,andreas capellanus,100,100,100,0,Yes,0,0,200,100
gronovius joannes fredericus 16111671,gronovius joannes fredericus 16111671,100,100,100,0,Yes,0,0,200,100
ampelius lucius,ampelius lucius,100,100,100,0,Yes,0,0,200,100
friedlaender ludwig 18241909,friedlaender ludwig 18241909,100,100,100,0,Yes,0,0,200,100
sedulius scotus active 848860,sedulius scotus active 848860,100,100,100,0,Yes,0,0,200,100
orosius paulus,orosius paulus,100,100,100,0,Yes,0,0,200,100
ruusbroec jan van 12931381,ruusbroec jan van 12931381,100,100,100,0,Yes,0,0,200,100
caesarius of heisterbach approximately 1180approximately 1240,caesarius of heisterbach approximately 1180approximately 1240,100,100,100,0,Yes,0,0,200,100
ammianus marcellinus,ammianus marcellinus,100,100,100,0,Yes,0,0,200,100
calvin jean 15091564,calvin jean 15091564,100,100,100,0,Yes,0,0,200,100
baconthorpe john 1346,baconthorpe john 1346,100,100,100,0,Yes,0,0,200,100
otto i bishop of freising 1158,otto i bishop of freising 1158,100,100,100,0,Yes,0,0,200,100
rabanus maurus archbishop of mainz 784856,rabanus maurus archbishop of mainz 784856,100,100,100,0,Yes,0,0,200,100
ekkehard iv approximately 980approximately 1060,ekkehard iv approximately 980approximately 1060,100,100,100,0,Yes,0,0,200,100
cardano girolamo 15011576,cardano girolamo 15011576,100,100,100,0,Yes,0,0,200,100
alciati andrea 14921550,alciati andrea 14921550,100,100,100,0,Yes,0,0,200,100
bodin jean 15301596,bodin jean 15301596,100,100,100,0,Yes,0,0,200,100
bude guillaume 14681540,bude guillaume 14681540,100,100,100,0,Yes,0,0,200,100
boxhorn marcus zuerius 16121653,boxhorn marcus zuerius 16121653,100,100,100,0,Yes,0,0,200,100
valeriano pierio 14771560,valeriano pierio 14771560,100,100,100,0,Yes,0,0,200,100
agrippa von nettesheim heinrich cornelius 14861535,agrippa von nettesheim heinrich cornelius 14861535,100,100,100,0,Yes,0,0,200,100
jerome saint 419 or 420,jerome saint 419 or 420,100,100,100,0,Yes,0,0,200,100
campanella tommaso 15681639,campanella tommaso 15681639,100,100,100,0,Yes,0,0,200,100
hyginus c julius,hyginus c julius,100,100,100,0,Yes,0,0,200,100
bruni leonardo 13691444,bruni leonardo 13691444,100,100,100,0,Yes,0,0,200,100
cochlaeus johannes 14791552,cochlaeus johannes 14791552,100,100,100,0,Yes,0,0,200,100
fabricius johann albert 16681736,fabricius johann albert 16681736,100,100,100,0,Yes,0,0,200,100
baudouin francois 15201573,baudouin francois 15201573,100,100,100,0,Yes,0,0,200,100
rhenanus beatus 14851547,rhenanus beatus 14851547,100,100,100,0,Yes,0,0,200,100
macrobius ambrosius aurelius theodosius,macrobius ambrosius aurelius theodosius,100,100,100,0,Yes,0,0,200,100
lipsius justus 15471606,lipsius justus 15471606,100,100,100,0,Yes,0,0,200,100
biondo flavio 13921463,biondo flavio 13921463,100,100,100,0,Yes,0,0,200,100
agustin antonio 15171586,agustin antonio 15171586,100,100,100,0,Yes,0,0,200,100
decembrio angelo approximately 14151462,decembrio angelo approximately 14151462,100,100,100,0,Yes,0,0,200,100
ricci matteo 15521610,ricci matteo 15521610,100,100,100,0,Yes,0,0,200,100
verino ugolino 14381516,verino ugolino 14381516,100,100,100,0,Yes,0,0,200,100
caussin nicolas 15831651,caussin nicolas 15831651,100,100,100,0,Yes,0,0,200,100
augurelli giovanni aurelio approximately 14561524,augurelli giovanni aurelio approximately 14561524,100,100,100,0,Yes,0,0,200,100
trigault nicolas 15771628,trigault nicolas 15771628,100,100,100,0,Yes,0,0,200,100
petrus de ebulo active 1196,petrus de ebulo active 1196,100,100,100,0,Yes,0,0,200,100
vergil polydore 14701555,vergil polydore 14701555,100,100,100,0,Yes,0,0,200,100
hugo herman 15881629,hugo herman 15881629,100,100,100,0,Yes,0,0,200,100
nifo agostino approximately 14731545,nifo agostino approximately 14731545,100,100,100,0,Yes,0,0,200,100
aldrovandi ulisse 15221605,aldrovandi ulisse 15221605,100,100,100,0,Yes,0,0,200,100
alberti leon battista 14041472,alberti leon battista 14041472,100,100,100,0,Yes,0,0,200,100
ferrari giovanni battista 15841655,ferrari giovanni battista 15841655,100,100,100,0,Yes,0,0,200,100
brant sebastian 14581521,brant sebastian 14581521,100,100,100,0,Yes,0,0,200,100
sigonio carlo 15241584,sigonio carlo 15241584,100,100,100,0,Yes,0,0,200,100
postel guillaume 15101581,postel guillaume 15101581,100,100,100,0,Yes,0,0,200,100
meurs johannes van 15791639,meurs johannes van 15791639,100,100,100,0,Yes,0,0,200,100
peckham john 1292,peckham john 1292,100,100,100,0,Yes,0,0,200,100
cortesi paolo 14651510,cortesi paolo 14651510,100,100,100,0,Yes,0,0,200,100
widukind of corvey approximately 925approximately 973,widukind of corvey approximately 925approximately 973,100,100,100,0,Yes,0,0,200,100
pithou pierre 15391596,pithou pierre 15391596,100,100,100,0,Yes,0,0,200,100
pufendorf samuel freiherr von 16321694,pufendorf samuel freiherr von 16321694,100,100,100,0,Yes,0,0,200,100
fabricius georg 15161571,fabricius georg 15161571,100,100,100,0,Yes,0,0,200,100
nithard 844,nithard 844,100,100,100,0,Yes,0,0,200,100
corippus flavius cresconius,corippus flavius cresconius,100,100,100,0,Yes,0,0,200,100
llull ramon 12321316,llull ramon 12321316,100,100,100,0,Yes,0,0,200,100
vossius isaac 16181689,vossius isaac 16181689,100,100,100,0,Yes,0,0,200,100
burman pieter 16681741,burman pieter 16681741,100,100,100,0,Yes,0,0,200,100
agricola georg 14941555,agricola georg 14941555,100,100,100,0,Yes,0,0,200,100
gambara lorenzo approximately 14951585,gambara lorenzo approximately 14951585,100,100,100,0,Yes,0,0,200,100
thomasius christian 16551728,thomasius christian 16551728,100,100,100,0,Yes,0,0,200,100
blarru pierre de 14371510,blarru pierre de 14371510,100,100,100,0,Yes,0,0,200,100
sidonius apollinaris saint 431 or 432approximately 487,sidonius apollinaris saint 431 or 432approximately 487,100,100,100,0,Yes,0,0,200,100
bissel johann 16011682,bissel johann 16011682,100,100,100,0,Yes,0,0,200,100
reusner nikolaus 15451602,reusner nikolaus 15451602,100,100,100,0,Yes,0,0,200,100
manuzio paolo 15121574,manuzio paolo 15121574,100,100,100,0,Yes,0,0,200,100
vattasso marco 18691925,vattasso marco 18691925,100,100,100,0,Yes,0,0,200,100
servius active 4th century,servius active 4th century,100,100,100,0,Yes,0,0,200,100
peter of blois approximately 1135approximately 1212,peter of blois approximately 1135approximately 1212,100,100,100,0,Yes,0,0,200,100
albertus magnus saint 11931280,albertus magnus saint 11931280,100,100,100,0,Yes,0,0,200,100
petronius arbiter,petronius arbiter,100,100,100,0,Yes,0,0,200,100
gilles de corbeil active 1200,gilles de corbeil active 1200,100,100,100,0,Yes,0,0,200,100
hobbes thomas 15881679,hobbes thomas 15881679,100,100,100,0,Yes,0,0,200,100
villani filippo 1405,villani filippo 1405,100,100,100,0,Yes,0,0,200,100
avienus rufius festus,avienus rufius festus,100,100,100,0,Yes,0,0,200,100
hussowski mikoaj approximately 14751522,hussowski mikoaj approximately 14751522,100,100,100,0,Yes,0,0,200,100
vossius gerardus joannes 15771649,vossius gerardus joannes 15771649,100,100,100,0,Yes,0,0,200,100
hutten ulrich von 14881523,hutten ulrich von 14881523,100,100,100,0,Yes,0,0,200,100
priscian active approximately 500530,priscian active approximately 500530,100,100,100,0,Yes,0,0,200,100
benseler gustav eduard 18061868,benseler gustav eduard 18061868,100,100,100,0,Yes,0,0,200,100
palingenio stellato marcello approximately 1500approximately 1543,palingenio stellato marcello approximately 1500approximately 1543,100,100,100,0,Yes,0,0,200,100
rutilius lupus publius,rutilius lupus publius,100,100,100,0,Yes,0,0,200,100
vast henri 18471921,vast henri 18471921,100,100,100,0,Yes,0,0,200,100
nennius active 796,nennius active 796,100,100,100,0,Yes,0,0,200,100
bergk theodor 18121881,bergk theodor 18121881,100,100,100,0,Yes,0,0,200,100
wyttenbach daniel albert 17461820,wyttenbach daniel albert 17461820,100,100,100,0,Yes,0,0,200,100
arnobius of sicca,arnobius of sicca,100,100,100,0,Yes,0,0,200,100
sedulius active 5th century,sedulius active 5th century,100,100,100,0,Yes,0,0,200,100
buecheler franz 18371908,buecheler franz 18371908,100,100,100,0,Yes,0,0,200,100
herbert of bosham active 12th century,herbert of bosham active 12th century,100,100,100,0,Yes,0,0,200,100
walahfrid strabo 807849,walahfrid strabo 807849,100,100,100,0,Yes,0,0,200,100
haase friedrich 18081867,haase friedrich 18081867,100,100,100,0,Yes,0,0,200,100
wycliffe john 1384,wycliffe john 1384,100,100,100,0,Yes,0,0,200,100
amelli ambrogio 18481933,amelli ambrogio 18481933,100,100,100,0,Yes,0,0,200,100
christ wilhelm von 18311906,christ wilhelm von 18311906,100,100,100,0,Yes,0,0,200,100
schomann georg friedrich 17931879,schomann georg friedrich 17931879,100,100,100,0,Yes,0,0,200,100
hermann karl friedrich 18041855,hermann karl friedrich 18041855,100,100,100,0,Yes,0,0,200,100
censorinus,censorinus,100,100,100,0,Yes,0,0,200,100
ribbeck otto 18271898,ribbeck otto 18271898,100,100,100,0,Yes,0,0,200,100
klotz reinhold 18071870,klotz reinhold 18071870,100,100,100,0,Yes,0,0,200,100
gundermann gotthold 18561921,gundermann gotthold 18561921,100,100,100,0,Yes,0,0,200,100
ruperti georg alexander 17581839,ruperti georg alexander 17581839,100,100,100,0,Yes,0,0,200,100
vahlen johannes 18301911,vahlen johannes 18301911,100,100,100,0,Yes,0,0,200,100
plautus titus maccius,plautus titus maccius,100,100,100,0,Yes,0,0,200,100
pontanus jacob 15421626,pontanus jacob 15421626,100,100,100,0,Yes,0,0,200,100
richer of saintremy active 10th century,richer of saintremy active 10th century,100,100,100,0,Yes,0,0,200,100
novati francesco 18591915,novati francesco 18591915,100,100,100,0,Yes,0,0,200,100
krueger paul 18401926,krueger paul 18401926,100,100,100,0,Yes,0,0,200,100
verrius flaccus marcus,verrius flaccus marcus,100,100,100,0,Yes,0,0,200,100
paulinus of nola saint approximately 353431,paulinus of nola saint approximately 353431,100,100,100,0,Yes,0,0,200,100
ernesti johann august 17071781,ernesti johann august 17071781,100,100,100,0,Yes,0,0,200,100
ausonius decimus magnus,ausonius decimus magnus,100,100,100,0,Yes,0,0,200,100
giberti giovanni matteo 14951543,giberti giovanni matteo 14951543,100,100,100,0,Yes,0,0,200,100
eutropius active 4th century,eutropius active 4th century,100,100,100,0,Yes,0,0,200,100
innocent iii pope 1160 or 11611216,innocent iii pope 1160 or 11611216,100,100,100,0,Yes,0,0,200,100
bruno giordano 15481600,bruno giordano 15481600,100,100,100,0,Yes,0,0,200,100
lessing gotthold ephraim 17291781,lessing gotthold ephraim 17291781,100,100,100,0,Yes,0,0,200,100
gneist rudolph 18161895,gneist rudolph 18161895,100,100,100,0,Yes,0,0,200,100
haupt moriz 18081874,haupt moriz 18081874,100,100,100,0,Yes,0,0,200,100
facio bartolomeo 1457,facio bartolomeo 1457,100,100,100,0,Yes,0,0,200,100
cowley abraham 16181667,cowley abraham 16181667,100,100,100,0,Yes,0,0,200,100
nodell jan adam 1814,nodell jan adam 1814,100,100,100,0,Yes,0,0,200,100
sarbiewski maciej kazimierz 15951640,sarbiewski maciej kazimierz 15951640,100,100,100,0,Yes,0,0,200,100
kochly hermann 18151876,kochly hermann 18151876,100,100,100,0,Yes,0,0,200,100
meineke august 17901870,meineke august 17901870,100,100,100,0,Yes,0,0,200,100
spengel leonhard von 18031880,spengel leonhard von 18031880,100,100,100,0,Yes,0,0,200,100
alcuin 735804,alcuin 735804,100,100,100,0,Yes,0,0,200,100
manilius marcus,manilius marcus,100,100,100,0,Yes,0,0,200,100
beze theodore de 15191605,beze theodore de 15191605,100,100,100,0,Yes,0,0,200,100
bucer martin 14911551,bucer martin 14911551,100,100,100,0,Yes,0,0,200,100
minucius felix marcus,minucius felix marcus,100,100,100,0,Yes,0,0,200,100
gottschalk of orbais approximately 803approximately 867,gottschalk of orbais approximately 803approximately 867,100,100,100,0,Yes,0,0,200,100
fulgentius fabius planciades,fulgentius fabius planciades,100,100,100,0,Yes,0,0,200,100
columella lucius junius moderatus,columella lucius junius moderatus,100,100,100,0,Yes,0,0,200,100
martianus capella,martianus capella,100,100,100,0,Yes,0,0,200,100
valla lorenzo 14071457,valla lorenzo 14071457,100,100,100,0,Yes,0,0,200,100
filelfo francesco 13981481,filelfo francesco 13981481,100,100,100,0,Yes,0,0,200,100
nebrija antonio de 14441522,nebrija antonio de 14441522,100,100,100,0,Yes,0,0,200,100
longolius christophorus 14881522,longolius christophorus 14881522,100,100,100,0,Yes,0,0,200,100
bracton henry de 1268,bracton henry de 1268,100,100,100,0,Yes,0,0,200,100
orelli johann kaspar von 17871849,orelli johann kaspar von 17871849,100,100,100,0,Yes,0,0,200,100
ernesti august wilhelm 17331801,ernesti august wilhelm 17331801,100,100,100,0,Yes,0,0,200,100
cunich raimondo 17191794,cunich raimondo 17191794,100,100,100,0,Yes,0,0,200,100
nicholas of cusa cardinal 14011464,nicholas of cusa cardinal 14011464,100,100,100,0,Yes,0,0,200,100
servetus michael 15111553,servetus michael 15111553,100,100,100,0,Yes,0,0,200,100
ubaldi baldo degli 13271400,ubaldi baldo degli 13271400,100,100,100,0,Yes,0,0,200,100
bonaventure saint cardinal approximately 12171274,bonaventure saint cardinal approximately 12171274,100,100,100,0,Yes,0,0,200,100
basinio da parma 14251457,basinio da parma 14251457,100,100,100,0,Yes,0,0,200,100
agricola rodolphus 14431485,agricola rodolphus 14431485,100,100,100,0,Yes,0,0,200,100
riese alexander 18401922,riese alexander 18401922,100,100,100,0,Yes,0,0,200,100
nogarola isotta 14181466,nogarola isotta 14181466,100,100,100,0,Yes,0,0,200,100
virgilius maro grammaticus active 7th century,virgilius maro grammaticus active 7th century,100,100,100,0,Yes,0,0,200,100
priscianus theodorus,priscianus theodorus,100,100,100,0,Yes,0,0,200,100
pontanus johannes isacius 15711639,pontanus johannes isacius 15711639,100,100,100,0,Yes,0,0,200,100
sanchez de las brozas francisco 15231601,sanchez de las brozas francisco 15231601,100,100,100,0,Yes,0,0,200,100
cano melchor 15091560,cano melchor 15091560,100,100,100,0,Yes,0,0,200,100
bartholin thomas 16161680,bartholin thomas 16161680,100,100,100,0,Yes,0,0,200,100
gassendi pierre 15921655,gassendi pierre 15921655,100,100,100,0,Yes,0,0,200,100
thomas a kempis 13801471,thomas a kempis 13801471,100,100,100,0,Yes,0,0,200,100
gataker thomas 15741654,gataker thomas 15741654,100,100,100,0,Yes,0,0,200,100
bembo pietro 14701547,bembo pietro 14701547,100,100,100,0,Yes,0,0,200,100
cassius felix,cassius felix,100,100,100,0,Yes,0,0,200,100
bidermann jakob 1577 or 15781639,bidermann jakob 1577 or 15781639,100,100,100,0,Yes,0,0,200,100
paris matthew 12001259,paris matthew 12001259,100,100,100,0,Yes,0,0,200,100
fracastoro girolamo 14781553,fracastoro girolamo 14781553,100,100,100,0,Yes,0,0,200,100
foglietta uberto 15181581,foglietta uberto 15181581,100,100,100,0,Yes,0,0,200,100
schottus andreas 15521629,schottus andreas 15521629,100,100,100,0,Yes,0,0,200,100
polignac melchior de 16611742,polignac melchior de 16611742,100,100,100,0,Yes,0,0,200,100
symmachus quintus aurelius approximately 340402,symmachus quintus aurelius approximately 340402,100,100,100,0,Yes,0,0,200,100
dupuy jacques 15911656,dupuy jacques 15911656,100,100,100,0,Yes,0,0,200,100
campano giannantonio bishop 14291477,campano giannantonio bishop 14291477,100,100,100,0,Yes,0,0,200,100
freinsheim johann 16081660,freinsheim johann 16081660,100,100,100,0,Yes,0,0,200,100
saumaise claude 15881653,saumaise claude 15881653,100,100,100,0,Yes,0,0,200,100
abbo monk of st germain approximately 850approximately 923,abbo monk of st germain approximately 850approximately 923,100,100,100,0,Yes,0,0,200,100
hagen hermann 18441898,hagen hermann 18441898,100,100,100,0,Yes,0,0,200,100
bernoulli jakob 16541705,bernoulli jakob 16541705,100,100,100,0,Yes,0,0,200,100
maittaire michael 16671747,maittaire michael 16671747,100,100,100,0,Yes,0,0,200,100
poleni giovanni 16831761,poleni giovanni 16831761,100,100,100,0,Yes,0,0,200,100
bonfini antonio 14271502,bonfini antonio 14271502,100,100,100,0,Yes,0,0,200,100
aventinus johannes 14771534,aventinus johannes 14771534,100,100,100,0,Yes,0,0,200,100
thou jacquesauguste de 15531617,thou jacquesauguste de 15531617,100,100,100,0,Yes,0,0,200,100
morhof daniel georg 16391691,morhof daniel georg 16391691,100,100,100,0,Yes,0,0,200,100
hilary saint bishop of poitiers 367,hilary saint bishop of poitiers 367,100,100,100,0,Yes,0,0,200,100
avancini nicolaus von 16111686,avancini nicolaus von 16111686,100,100,100,0,Yes,0,0,200,100
beccadelli antonio 13941471,beccadelli antonio 13941471,100,100,100,0,Yes,0,0,200,100
barth kaspar von 15871658,barth kaspar von 15871658,100,100,100,0,Yes,0,0,200,100
obsequens julius,obsequens julius,100,100,100,0,Yes,0,0,200,100
antonius marcus 83 bc30 bc,antonius marcus 83 bc30 bc,100,100,100,0,Yes,0,0,200,100
valois henri de 16031676,valois henri de 16031676,100,100,100,0,Yes,0,0,200,100
aurelianus caelius,aurelianus caelius,100,100,100,0,Yes,0,0,200,100
alfred of sareshel,alfred of sareshel,100,100,100,0,Yes,0,0,200,100
lubin eilhard 15651621,lubin eilhard 15651621,100,100,100,0,Yes,0,0,200,100
heinsius nicolaas 16201681,heinsius nicolaas 16201681,100,100,100,0,Yes,0,0,200,100
cunaeus petrus 15861638,cunaeus petrus 15861638,100,100,100,0,Yes,0,0,200,100
huet pierredaniel 16301721,huet pierredaniel 16301721,100,100,100,0,Yes,0,0,200,100
gentili scipione 15631616,gentili scipione 15631616,100,100,100,0,Yes,0,0,200,100
vermigli pietro martire 14991562,vermigli pietro martire 14991562,100,100,100,0,Yes,0,0,200,100
baerle caspar van 15841648,baerle caspar van 15841648,100,100,100,0,Yes,0,0,200,100
severus sulpicius,severus sulpicius,100,100,100,0,Yes,0,0,200,100
haymo bishop of halberstadt 853,haymo bishop of halberstadt 853,100,100,100,0,Yes,0,0,200,100
ennius quintus,ennius quintus,100,100,100,0,Yes,0,0,200,100
lucilius gaius approximately 180 bcapproximately 102 bc,lucilius gaius approximately 180 bcapproximately 102 bc,100,100,100,0,Yes,0,0,200,100
gruner johann friedrich 17231778,gruner johann friedrich 17231778,100,100,100,0,Yes,0,0,200,100
sepulveda juan gines de 14901573,sepulveda juan gines de 14901573,100,100,100,0,Yes,0,0,200,100
reinesius thomas 15871667,reinesius thomas 15871667,100,100,100,0,Yes,0,0,200,100
linacre thomas 14601524,linacre thomas 14601524,100,100,100,0,Yes,0,0,200,100
oecolampadius johann 14821531,oecolampadius johann 14821531,100,100,100,0,Yes,0,0,200,100
viperano giovanni antonio 15351610,viperano giovanni antonio 15351610,100,100,100,0,Yes,0,0,200,100
frischlin nicodemus 15471590,frischlin nicodemus 15471590,100,100,100,0,Yes,0,0,200,100
casaubon isaac 15591614,casaubon isaac 15591614,100,100,100,0,Yes,0,0,200,100
philargyrius junius,philargyrius junius,100,100,100,0,Yes,0,0,200,100
peerlkamp petrus hofman 17861865,peerlkamp petrus hofman 17861865,100,100,100,0,Yes,0,0,200,100
walter of aquitaine,walter of aquitaine,100,100,100,0,Yes,0,0,200,100
telesio antonio 14821533,telesio antonio 14821533,100,100,100,0,Yes,0,0,200,100
flaminio marco antonio 14981550,flaminio marco antonio 14981550,100,100,100,0,Yes,0,0,200,100
castiglione baldassarre conte 14781529,castiglione baldassarre conte 14781529,100,100,100,0,Yes,0,0,200,100
hume david 15601630,hume david 15601630,100,100,100,0,Yes,0,0,200,100
colet john 14671519,colet john 14671519,100,100,100,0,Yes,0,0,200,100
leibniz gottfried wilhelm freiherr von 16461716,leibniz gottfried wilhelm freiherr von 16461716,100,100,100,0,Yes,0,0,200,100
harvey william 15781657,harvey william 15781657,100,100,100,0,Yes,0,0,200,100
masen jakob 16061681,masen jakob 16061681,100,100,100,0,Yes,0,0,200,100
gazes theodoros approximately 1400approximately 1475,gazes theodoros approximately 1400approximately 1475,100,100,100,0,Yes,0,0,200,100
baptista mantuanus 14481516,baptista mantuanus 14481516,100,100,100,0,Yes,0,0,200,100
hortensius lambertus 1500 or 15011574,hortensius lambertus 1500 or 15011574,100,100,100,0,Yes,0,0,200,100
heinsius daniel 15801655,heinsius daniel 15801655,100,100,100,0,Yes,0,0,200,100
gerson jean 13631429,gerson jean 13631429,100,100,100,0,Yes,0,0,200,100
bartolo of sassoferrato 13131357,bartolo of sassoferrato 13131357,100,100,100,0,Yes,0,0,200,100
gemoll wilhelm 18501934,gemoll wilhelm 18501934,100,100,100,0,Yes,0,0,200,100
grattius faliscus,grattius faliscus,100,100,100,0,Yes,0,0,200,100
graevius joannes georgius 16321703,graevius joannes georgius 16321703,100,100,100,0,Yes,0,0,200,100
ailly pierre d 13501420,ailly pierre d 13501420,100,100,100,0,Yes,0,0,200,100
bovillus carolus 14791567,bovillus carolus 14791567,100,100,100,0,Yes,0,0,200,100
marzio galeotto 14271497,marzio galeotto 14271497,100,100,100,0,Yes,0,0,200,100
luis de granada 15041588,luis de granada 15041588,100,100,100,0,Yes,0,0,200,100
canonieri pietro andrea 1639,canonieri pietro andrea 1639,100,100,100,0,Yes,0,0,200,100
reuchlin johann 14551522,reuchlin johann 14551522,100,100,100,0,Yes,0,0,200,100
platina 14211481,platina 14211481,100,100,100,0,Yes,0,0,200,100
vadianus joachim 14841551,vadianus joachim 14841551,100,100,100,0,Yes,0,0,200,100
bona giovanni 16091674,bona giovanni 16091674,100,100,100,0,Yes,0,0,200,100
turnebe adrien 15121565,turnebe adrien 15121565,100,100,100,0,Yes,0,0,200,100
vettori pietro 14991585,vettori pietro 14991585,100,100,100,0,Yes,0,0,200,100
ficino marsilio 14331499,ficino marsilio 14331499,100,100,100,0,Yes,0,0,200,100
sabellico 14361506,sabellico 14361506,100,100,100,0,Yes,0,0,200,100
volpi gio antonio 16861766,volpi gio antonio 16861766,100,100,100,0,Yes,0,0,200,100
estienne robert 15031559,estienne robert 15031559,100,100,100,0,Yes,0,0,200,100
bessarion cardinal 14031472,bessarion cardinal 14031472,100,100,100,0,Yes,0,0,200,100
lhospital michel de 15071573,lhospital michel de 15071573,100,100,100,0,Yes,0,0,200,100
beroaldo filippo 14531505,beroaldo filippo 14531505,100,100,100,0,Yes,0,0,200,100
sautel pierrejuste 16131662,sautel pierrejuste 16131662,100,100,100,0,Yes,0,0,200,100
ocland christopher 1590,ocland christopher 1590,100,100,100,0,Yes,0,0,200,100
buridan jean 13001358,buridan jean 13001358,100,100,100,0,Yes,0,0,200,100
joachim of fiore approximately 11321202,joachim of fiore approximately 11321202,100,100,100,0,Yes,0,0,200,100
giles of rome archbishop of bourges approximately 12431316,giles of rome archbishop of bourges approximately 12431316,100,100,100,0,Yes,0,0,200,100
clark albert curtis 18591937,clark albert curtis 18591937,100,100,100,0,Yes,0,0,200,100
hirtius aulus,hirtius aulus,100,100,100,0,Yes,0,0,200,100
hugh of saintvictor 10961141,hugh of saintvictor 10961141,100,100,100,0,Yes,0,0,200,100
hosius carl 18661937,hosius carl 18661937,100,100,100,0,Yes,0,0,200,100
hertz martin,hertz martin,100,100,100,0,Yes,0,0,200,100
bernard of chartres,bernard of chartres,100,100,100,0,Yes,0,0,200,100
rapin rene 16211687,rapin rene 16211687,100,100,100,0,Yes,0,0,200,100
giovanni dandrea approximately 12701348,giovanni dandrea approximately 12701348,100,100,100,0,Yes,0,0,200,100
marsilius of inghen 1396,marsilius of inghen 1396,100,100,100,0,Yes,0,0,200,100
enk petrus joannes 1885,enk petrus joannes 1885,100,100,100,0,Yes,0,0,200,100
vida marco girolamo,vida marco girolamo,100,100,100,0,Yes,0,0,200,100
major john 14691550,major john 14691550,100,100,100,0,Yes,0,0,200,100
scaligero giulio cesare,scaligero giulio cesare,100,100,100,0,Yes,0,0,200,100
boccaccio giovanni 13131375,boccaccio giovanni 13131375,100,100,100,0,Yes,0,0,200,100
patrizi francesco,patrizi francesco,100,100,100,0,Yes,0,0,200,100
torquemada juan de 13881468,torquemada juan de 13881468,100,100,100,0,Yes,0,0,200,100
juan de segovia 13931458,segovia juan de 13931458,100,100,100,0,Yes,0,0,200,100
saenz de aguirre jose 16301699,saenz de aguirre jose 16301699,100,100,100,0,Yes,0,0,200,100
gronovius jacobus 16451716,gronovius jacobus 16451716,100,100,100,0,Yes,0,0,200,100
angeli pietro 15171596,angeli pietro 15171596,100,100,100,0,Yes,0,0,200,100
jan van ruusbroec 12931381,ruusbroec jan van 12931381,100,100,100,0,Yes,0,0,200,100
hotman francois 15241590,hotman francois 15241590,100,100,100,0,Yes,0,0,200,100
poliziano angelo 14541494,poliziano angelo 14541494,100,100,100,0,Yes,0,0,200,100
folengo teofilo 14961544,folengo teofilo 14961544,100,100,100,0,Yes,0,0,200,100
scribonius largus,scribonius largus,100,100,100,0,Yes,0,0,200,100
barclay john 15821621,barclay john 15821621,100,100,100,0,Yes,0,0,200,100
stewechius godescalcus 15511586,stewechius godescalcus 15511586,100,100,100,0,Yes,0,0,200,100
stanyhurst richard 15471618,stanyhurst richard 15471618,100,100,100,0,Yes,0,0,200,100
astruc jean 16841766,astruc jean 16841766,100,100,100,0,Yes,0,0,200,100
alanus de insulis,alanus de insulis,100,100,100,0,Yes,0,0,200,100
ravizza giovita 14761553,ravizza giovita 14761553,100,100,100,0,Yes,0,0,200,100
manuzio aldo 15471597,manuzio aldo 15471597,100,100,100,0,Yes,0,0,200,100
benci francesco 15421594,benci francesco 15421594,100,100,100,0,Yes,0,0,200,100
jacques de vitry 11701240,jacques de vitry 11701240,100,100,100,0,Yes,0,0,200,100
haller albrecht von 17081777,haller albrecht von 17081777,100,100,100,0,Yes,0,0,200,100
alexander de villa dei,alexander de villa dei,100,100,100,0,Yes,0,0,200,100
higden ranulf 1364,higden ranulf 1364,100,100,100,0,Yes,0,0,200,100
evrard de bethune,evrard de bethune,100,100,100,0,Yes,0,0,200,100
wolfflin eduard von 18311908,wolfflin eduard von 18311908,100,100,100,0,Yes,0,0,200,100
carrion louis 15471595,carrion louis 15471595,100,100,100,0,Yes,0,0,200,100
ritschl friedrich wilhelm 18061876,ritschl friedrich wilhelm 18061876,100,100,100,0,Yes,0,0,200,100
foerster richard 18431922,foerster richard 18431922,100,100,100,0,Yes,0,0,200,100
aurelius victor sextus,victor sextus aurelius,100,100,100,0,Yes,0,0,200,100
holder alfred 18401916,holder alfred 18401916,100,100,100,0,Yes,0,0,200,100
averroes 11261198,averroes 11261198,100,100,100,0,Yes,0,0,200,100
